frame,landmark,x,y,z,visibility
0,NOSE,0.48148125410079956,0.3580673933029175,-0.30963844060897827,0.9999954104423523
0,LEFT_EYE_INNER,0.48514223098754883,0.3493648171424866,-0.2991272807121277,0.9999905824661255
0,LEFT_EYE,0.487821489572525,0.34949979186058044,-0.29934588074684143,0.9999874234199524
0,LEFT_EYE_OUTER,0.4904034733772278,0.34971168637275696,-0.29933270812034607,0.9999912977218628
0,RIGHT_EYE_INNER,0.4784824252128601,0.34963104128837585,-0.3006710112094879,0.9999948143959045
0,RIGHT_EYE,0.4765867292881012,0.350043922662735,-0.30085963010787964,0.9999951124191284
0,RIGHT_EYE_OUTER,0.47477787733078003,0.3504904508590698,-0.3009876012802124,0.999996542930603
0,LEFT_EAR,0.49389323592185974,0.3552860617637634,-0.22211484611034393,0.9999895095825195
0,RIGHT_EAR,0.4712674021720886,0.357879102230072,-0.2282658815383911,0.9999834299087524
0,MOUTH_LEFT,0.48646408319473267,0.3692251741886139,-0.27852001786231995,0.9999955892562866
0,MOUTH_RIGHT,0.4786759316921234,0.3701671063899994,-0.2813888192176819,0.9999958872795105
0,LEFT_SHOULDER,0.5147616267204285,0.43132883310317993,-0.1499866247177124,0.9999958872795105
0,RIGHT_SHOULDER,0.45377224683761597,0.4367782473564148,-0.16239230334758759,0.9999940395355225
0,LEFT_ELBOW,0.5292238593101501,0.5164812803268433,-0.12267148494720459,0.9909043908119202
0,RIGHT_ELBOW,0.4454585015773773,0.5250868201255798,-0.15563207864761353,0.988429605960846
0,LEFT_WRIST,0.5280724763870239,0.5873955488204956,-0.19562622904777527,0.9912050366401672
0,RIGHT_WRIST,0.44466128945350647,0.5918594002723694,-0.23514120280742645,0.9948294162750244
0,LEFT_PINKY,0.5293080806732178,0.6069663763046265,-0.21949262917041779,0.9844945669174194
0,RIGHT_PINKY,0.44339719414711,0.6137459874153137,-0.2653161883354187,0.9896301627159119
0,LEFT_INDEX,0.5246456265449524,0.6067121624946594,-0.24260318279266357,0.9864158034324646
0,RIGHT_INDEX,0.4481341242790222,0.6125005483627319,-0.28575852513313293,0.9908614158630371
0,LEFT_THUMB,0.5220814943313599,0.6003679633140564,-0.2058078944683075,0.9798747301101685
0,RIGHT_THUMB,0.4500720500946045,0.604515552520752,-0.2455529421567917,0.9857351183891296
0,LEFT_HIP,0.5041317343711853,0.5885098576545715,0.003154610050842166,0.9999939799308777
0,RIGHT_HIP,0.4708285331726074,0.5879148840904236,-0.003255597548559308,0.9999943375587463
0,LEFT_KNEE,0.5062392354011536,0.696116030216217,0.04925132542848587,0.9897880554199219
0,RIGHT_KNEE,0.47192269563674927,0.6986537575721741,0.007532232906669378,0.9867734909057617
0,LEFT_ANKLE,0.49861058592796326,0.7953242063522339,0.19734515249729156,0.9938309192657471
0,RIGHT_ANKLE,0.4774402678012848,0.8061292767524719,0.12355711311101913,0.9961689114570618
0,LEFT_HEEL,0.4944382309913635,0.807371199131012,0.20699827373027802,0.9330379366874695
0,RIGHT_HEEL,0.4829474091529846,0.8182511925697327,0.13136401772499084,0.9453863501548767
0,LEFT_FOOT_INDEX,0.5047215223312378,0.8322534561157227,0.12435486167669296,0.9934980273246765
0,RIGHT_FOOT_INDEX,0.4672881066799164,0.8344337344169617,0.04269564896821976,0.9947553277015686
1,NOSE,0.4852364957332611,0.36339446902275085,-0.30768299102783203,0.9999940991401672
1,LEFT_EYE_INNER,0.48878422379493713,0.35519421100616455,-0.29594144225120544,0.9999881386756897
1,LEFT_EYE,0.4912388324737549,0.3553963899612427,-0.2961534857749939,0.9999839067459106
1,LEFT_EYE_OUTER,0.4935421049594879,0.3556026816368103,-0.29613327980041504,0.999988853931427
1,RIGHT_EYE_INNER,0.48213595151901245,0.35505378246307373,-0.29756373167037964,0.9999935626983643
1,RIGHT_EYE,0.4798455834388733,0.3555644452571869,-0.2977478802204132,0.9999939799308777
1,RIGHT_EYE_OUTER,0.47750425338745117,0.3561052083969116,-0.2978646755218506,0.999995768070221
1,LEFT_EAR,0.4965268075466156,0.36157816648483276,-0.2148624211549759,0.9999865889549255
1,RIGHT_EAR,0.4739777147769928,0.3637937009334564,-0.22142013907432556,0.9999804496765137
1,MOUTH_LEFT,0.48969775438308716,0.3750556409358978,-0.27521833777427673,0.9999948143959045
1,MOUTH_RIGHT,0.4810638427734375,0.3756628632545471,-0.2782488465309143,0.9999952912330627
1,LEFT_SHOULDER,0.51618492603302,0.4375251829624176,-0.14305076003074646,0.999995231628418
1,RIGHT_SHOULDER,0.45688551664352417,0.44256117939949036,-0.15510937571525574,0.9999938607215881
1,LEFT_ELBOW,0.5323404669761658,0.5175806283950806,-0.12543979287147522,0.9887950420379639
1,RIGHT_ELBOW,0.4469769597053528,0.5284103155136108,-0.15176118910312653,0.9882972240447998
1,LEFT_WRIST,0.533736526966095,0.5855807662010193,-0.21253523230552673,0.9880883693695068
1,RIGHT_WRIST,0.4469853937625885,0.5993447303771973,-0.235757976770401,0.9948581457138062
1,LEFT_PINKY,0.5342413187026978,0.607168972492218,-0.2385755479335785,0.9803683161735535
1,RIGHT_PINKY,0.44433265924453735,0.6215028166770935,-0.2670908272266388,0.9896798729896545
1,LEFT_INDEX,0.5290948748588562,0.6069765090942383,-0.26105669140815735,0.9826435446739197
1,RIGHT_INDEX,0.4502408504486084,0.620047390460968,-0.28664430975914,0.9908816814422607
1,LEFT_THUMB,0.5264691114425659,0.6003421545028687,-0.22287075221538544,0.9741788506507874
1,RIGHT_THUMB,0.4529438018798828,0.6124252080917358,-0.24598582088947296,0.9855825901031494
1,LEFT_HIP,0.505216658115387,0.5883896946907043,0.0036109169013798237,0.9999939203262329
1,RIGHT_HIP,0.47316375374794006,0.5906624794006348,-0.0037147917319089174,0.9999944567680359
1,LEFT_KNEE,0.5097461342811584,0.7007075548171997,0.04892323166131973,0.9893069863319397
1,RIGHT_KNEE,0.47544676065444946,0.7043354511260986,0.0004318247956689447,0.9867987036705017
1,LEFT_ANKLE,0.5006898641586304,0.7968778014183044,0.20556595921516418,0.9937034845352173
1,RIGHT_ANKLE,0.4810276925563812,0.8086096048355103,0.11920309066772461,0.9962425827980042
1,LEFT_HEEL,0.49583926796913147,0.8076667189598083,0.2158045768737793,0.9327645897865295
1,RIGHT_HEEL,0.4857519567012787,0.8222122192382812,0.12497639656066895,0.9464468955993652
1,LEFT_FOOT_INDEX,0.5097414255142212,0.836056113243103,0.1348908394575119,0.9932476878166199
1,RIGHT_FOOT_INDEX,0.4701051115989685,0.8375034928321838,0.03675931319594383,0.9947500228881836
2,NOSE,0.4872609078884125,0.37216508388519287,-0.2935022711753845,0.9999930262565613
2,LEFT_EYE_INNER,0.49024415016174316,0.3626185655593872,-0.2824861407279968,0.9999859929084778
2,LEFT_EYE,0.4929965138435364,0.36304712295532227,-0.28269633650779724,0.9999808073043823
2,LEFT_EYE_OUTER,0.49516692757606506,0.3634818196296692,-0.28267407417297363,0.9999862909317017
2,RIGHT_EYE_INNER,0.4831998348236084,0.3630320131778717,-0.28334885835647583,0.9999927878379822
2,RIGHT_EYE,0.48088040947914124,0.3635818362236023,-0.28353744745254517,0.9999932646751404
2,RIGHT_EYE_OUTER,0.47841697931289673,0.36407241225242615,-0.2836472988128662,0.9999952912330627
2,LEFT_EAR,0.4974904954433441,0.36871448159217834,-0.20048706233501434,0.9999826550483704
2,RIGHT_EAR,0.47498974204063416,0.3704913258552551,-0.21362122893333435,0.9999788403511047
2,MOUTH_LEFT,0.4915928244590759,0.38468247652053833,-0.2619660496711731,0.9999934434890747
2,MOUTH_RIGHT,0.48308277130126953,0.3845016062259674,-0.26393628120422363,0.9999945759773254
2,LEFT_SHOULDER,0.5160369873046875,0.44246092438697815,-0.12815234065055847,0.9999927878379822
2,RIGHT_SHOULDER,0.45733553171157837,0.4480137825012207,-0.1403074562549591,0.9999935030937195
2,LEFT_ELBOW,0.5339940786361694,0.5178593397140503,-0.14890633523464203,0.9793444275856018
2,RIGHT_ELBOW,0.4476187825202942,0.5294784307479858,-0.13404448330402374,0.9883070588111877
2,LEFT_WRIST,0.5387364625930786,0.5494648218154907,-0.2943483889102936,0.9798601865768433
2,RIGHT_WRIST,0.4454520642757416,0.5964103937149048,-0.2213849127292633,0.9949838519096375
2,LEFT_PINKY,0.539234459400177,0.551572859287262,-0.32969751954078674,0.9728875756263733
2,RIGHT_PINKY,0.44268593192100525,0.6182258129119873,-0.2529012858867645,0.9899482727050781
2,LEFT_INDEX,0.5373490452766418,0.5439242720603943,-0.3487686216831207,0.9761213660240173
2,RIGHT_INDEX,0.4484219551086426,0.6175583600997925,-0.27367138862609863,0.9911268949508667
2,LEFT_THUMB,0.535857081413269,0.5476629137992859,-0.3055517077445984,0.9643217325210571
2,RIGHT_THUMB,0.45144230127334595,0.6097913384437561,-0.23241761326789856,0.9858348965644836
2,LEFT_HIP,0.5065025091171265,0.59105384349823,0.0034807585179805756,0.9999933838844299
2,RIGHT_HIP,0.47409456968307495,0.5930354595184326,-0.003589386586099863,0.9999943971633911
2,LEFT_KNEE,0.5080680847167969,0.7031744718551636,0.03086879476904869,0.9874319434165955
2,RIGHT_KNEE,0.4749387800693512,0.7040980458259583,6.125219897512579e-06,0.9856092929840088
2,LEFT_ANKLE,0.5001758337020874,0.7978805303573608,0.18680936098098755,0.9929327368736267
2,RIGHT_ANKLE,0.4810536503791809,0.8076620101928711,0.12414441257715225,0.9958471059799194
2,LEFT_HEEL,0.49644502997398376,0.8082118630409241,0.19797362387180328,0.9293418526649475
2,RIGHT_HEEL,0.4851098954677582,0.8210184574127197,0.13190671801567078,0.9444145560264587
2,LEFT_FOOT_INDEX,0.5074406266212463,0.8373796939849854,0.10966740548610687,0.9924802184104919
2,RIGHT_FOOT_INDEX,0.47208371758461,0.8374298214912415,0.04292237013578415,0.9940897822380066
3,NOSE,0.4889535903930664,0.37768933176994324,-0.27531906962394714,0.9999456405639648
3,LEFT_EYE_INNER,0.4920315742492676,0.36794278025627136,-0.2624523639678955,0.9999065399169922
3,LEFT_EYE,0.4947053790092468,0.36847856640815735,-0.2626582980155945,0.999886691570282
3,LEFT_EYE_OUTER,0.49717435240745544,0.3690357208251953,-0.26263853907585144,0.9999290704727173
3,RIGHT_EYE_INNER,0.4849904179573059,0.3675747215747833,-0.26441723108291626,0.9999341368675232
3,RIGHT_EYE,0.48234519362449646,0.36783701181411743,-0.2646133601665497,0.9999368786811829
3,RIGHT_EYE_OUTER,0.48003607988357544,0.36808890104293823,-0.2647522985935211,0.9999534487724304
3,LEFT_EAR,0.49923500418663025,0.3738444447517395,-0.17485973238945007,0.9999231100082397
3,RIGHT_EAR,0.4763525426387787,0.37355905771255493,-0.18483519554138184,0.9997761249542236
3,MOUTH_LEFT,0.4932277202606201,0.3894413113594055,-0.23990082740783691,0.999945878982544
3,MOUTH_RIGHT,0.4845550060272217,0.38978585600852966,-0.24350476264953613,0.9999383091926575
3,LEFT_SHOULDER,0.5163503289222717,0.4426528811454773,-0.10075420141220093,0.999984622001648
3,RIGHT_SHOULDER,0.45821619033813477,0.4489113390445709,-0.11257676780223846,0.9999642372131348
3,LEFT_ELBOW,0.5356436967849731,0.5156885981559753,-0.09890285134315491,0.9479183554649353
3,RIGHT_ELBOW,0.4447900354862213,0.5289589762687683,-0.11566604673862457,0.9366745352745056
3,LEFT_WRIST,0.5380818843841553,0.5335672497749329,-0.2720833718776703,0.9202134013175964
3,RIGHT_WRIST,0.46332114934921265,0.5420235395431519,-0.19078192114830017,0.9077250957489014
3,LEFT_PINKY,0.5209678411483765,0.5510386824607849,-0.28254982829093933,0.9141653776168823
3,RIGHT_PINKY,0.4704403281211853,0.5465244650840759,-0.22075974941253662,0.902156412601471
3,LEFT_INDEX,0.5190757513046265,0.5383308529853821,-0.2570883631706238,0.9185924530029297
3,RIGHT_INDEX,0.4743064045906067,0.5410473942756653,-0.22333821654319763,0.9031820893287659
3,LEFT_THUMB,0.5243917107582092,0.5329945683479309,-0.23640432953834534,0.8972020149230957
3,RIGHT_THUMB,0.4710752069950104,0.5378424525260925,-0.19345450401306152,0.8949905037879944
3,LEFT_HIP,0.5073983073234558,0.5919227600097656,0.003543482394888997,0.999993085861206
3,RIGHT_HIP,0.47440996766090393,0.5932725071907043,-0.0036298190243542194,0.9999938011169434
3,LEFT_KNEE,0.5066081285476685,0.7041175365447998,0.025664830580353737,0.9823430180549622
3,RIGHT_KNEE,0.4747440814971924,0.7051424980163574,-0.005395959597080946,0.9816173315048218
3,LEFT_ANKLE,0.5000755786895752,0.7992308139801025,0.18274177610874176,0.9913621544837952
3,RIGHT_ANKLE,0.4818800389766693,0.8075438737869263,0.12135575711727142,0.995204746723175
3,LEFT_HEEL,0.4970150887966156,0.8103889226913452,0.1948593407869339,0.9189309477806091
3,RIGHT_HEEL,0.48625436425209045,0.820826530456543,0.12922142446041107,0.9391850233078003
3,LEFT_FOOT_INDEX,0.5074477195739746,0.838173508644104,0.09879277646541595,0.9900054335594177
3,RIGHT_FOOT_INDEX,0.4723348617553711,0.8382543921470642,0.039780233055353165,0.9925105571746826
4,NOSE,0.49147042632102966,0.37650880217552185,-0.23116251826286316,0.9997751116752625
4,LEFT_EYE_INNER,0.49371495842933655,0.36709803342819214,-0.2167566567659378,0.9995936155319214
4,LEFT_EYE,0.49634331464767456,0.3677920401096344,-0.2169552594423294,0.9995461702346802
4,LEFT_EYE_OUTER,0.49884119629859924,0.3685557544231415,-0.21694114804267883,0.9997256994247437
4,RIGHT_EYE_INNER,0.48738425970077515,0.36639755964279175,-0.21985605359077454,0.9996768236160278
4,RIGHT_EYE,0.48493584990501404,0.36656486988067627,-0.22002625465393066,0.999689519405365
4,RIGHT_EYE_OUTER,0.4822317063808441,0.3669586181640625,-0.22014713287353516,0.9997641444206238
4,LEFT_EAR,0.5002937316894531,0.37423545122146606,-0.12865419685840607,0.9997103810310364
4,RIGHT_EAR,0.4774842858314514,0.3731110095977783,-0.14201489090919495,0.9989987015724182
4,MOUTH_LEFT,0.4948252737522125,0.3883979320526123,-0.19620171189308167,0.9998107552528381
4,MOUTH_RIGHT,0.48703423142433167,0.3881281614303589,-0.20120441913604736,0.9997583031654358
4,LEFT_SHOULDER,0.5183149576187134,0.44170400500297546,-0.06581882387399673,0.9999721050262451
4,RIGHT_SHOULDER,0.45797497034072876,0.4481058716773987,-0.08740172535181046,0.9998928308486938
4,LEFT_ELBOW,0.5330876708030701,0.5117257833480835,-0.09875883162021637,0.9164045453071594
4,RIGHT_ELBOW,0.44378361105918884,0.523048460483551,-0.10761643946170807,0.8758735656738281
4,LEFT_WRIST,0.5302736759185791,0.5224904417991638,-0.2545362114906311,0.8782968521118164
4,RIGHT_WRIST,0.46452754735946655,0.5358648896217346,-0.1926226019859314,0.823803186416626
4,LEFT_PINKY,0.5268152356147766,0.5362040996551514,-0.2913399934768677,0.8775554299354553
4,RIGHT_PINKY,0.4728703498840332,0.5392111539840698,-0.22524599730968475,0.8192028999328613
4,LEFT_INDEX,0.5211900472640991,0.5257372260093689,-0.3025941252708435,0.884119987487793
4,RIGHT_INDEX,0.47478175163269043,0.5341948866844177,-0.22656114399433136,0.8202781677246094
4,LEFT_THUMB,0.5226613283157349,0.5213770866394043,-0.26146599650382996,0.8517118692398071
4,RIGHT_THUMB,0.4727781414985657,0.5317984819412231,-0.19409222900867462,0.8107261061668396
4,LEFT_HIP,0.5084616541862488,0.5939337611198425,0.0063742781057953835,0.9999927878379822
4,RIGHT_HIP,0.4750487208366394,0.5958181023597717,-0.006437921430915594,0.9999929070472717
4,LEFT_KNEE,0.5072638988494873,0.7057099938392639,0.025115013122558594,0.9766805171966553
4,RIGHT_KNEE,0.47448140382766724,0.7070707082748413,-0.007548282854259014,0.9768141508102417
4,LEFT_ANKLE,0.4992815852165222,0.7997452020645142,0.18478965759277344,0.9898006319999695
4,RIGHT_ANKLE,0.4821101725101471,0.8069885969161987,0.13321778178215027,0.993987500667572
4,LEFT_HEEL,0.4957660138607025,0.8109269142150879,0.19636836647987366,0.9088942408561707
4,RIGHT_HEEL,0.4858117997646332,0.8198812007904053,0.14356756210327148,0.930458664894104
4,LEFT_FOOT_INDEX,0.5082980990409851,0.8377904891967773,0.10092779248952866,0.9873990416526794
4,RIGHT_FOOT_INDEX,0.4722937047481537,0.8386868238449097,0.051143378019332886,0.9896911382675171
5,NOSE,0.48957210779190063,0.37471115589141846,-0.19464191794395447,0.9996640086174011
5,LEFT_EYE_INNER,0.49224287271499634,0.36590152978897095,-0.18167373538017273,0.9993706941604614
5,LEFT_EYE,0.4948347508907318,0.3664593994617462,-0.18186211585998535,0.9992817640304565
5,LEFT_EYE_OUTER,0.4973687529563904,0.3669707775115967,-0.1818358302116394,0.9995324611663818
5,RIGHT_EYE_INNER,0.48613840341567993,0.36530035734176636,-0.18082982301712036,0.9995238184928894
5,RIGHT_EYE,0.48406773805618286,0.3655714988708496,-0.1809958964586258,0.9995448589324951
5,RIGHT_EYE_OUTER,0.48206329345703125,0.3659389913082123,-0.18109014630317688,0.9996400475502014
5,LEFT_EAR,0.5008997917175293,0.37276750802993774,-0.10408203303813934,0.9995386600494385
5,RIGHT_EAR,0.4786403179168701,0.3723210096359253,-0.09967806190252304,0.9986802339553833
5,MOUTH_LEFT,0.49326133728027344,0.38686853647232056,-0.16453933715820312,0.9997059106826782
5,MOUTH_RIGHT,0.4856981337070465,0.3868867754936218,-0.16439762711524963,0.9996524453163147
5,LEFT_SHOULDER,0.5206484198570251,0.44030702114105225,-0.06941620260477066,0.999948263168335
5,RIGHT_SHOULDER,0.4588261544704437,0.44625961780548096,-0.056382179260253906,0.9998547434806824
5,LEFT_ELBOW,0.5369690656661987,0.48270183801651,-0.17312711477279663,0.876457154750824
5,RIGHT_ELBOW,0.4315353035926819,0.49232545495033264,-0.13915519416332245,0.845289945602417
5,LEFT_WRIST,0.5359117984771729,0.48069292306900024,-0.36405056715011597,0.8429600596427917
5,RIGHT_WRIST,0.4331413209438324,0.4646000266075134,-0.30142277479171753,0.8194059133529663
5,LEFT_PINKY,0.5391048192977905,0.48959189653396606,-0.40863579511642456,0.8508502244949341
5,RIGHT_PINKY,0.4341372549533844,0.4567084014415741,-0.3435055613517761,0.8174909353256226
5,LEFT_INDEX,0.5342985391616821,0.48040908575057983,-0.41685524582862854,0.8579461574554443
5,RIGHT_INDEX,0.43513351678848267,0.4499521553516388,-0.3487526774406433,0.8183081746101379
5,LEFT_THUMB,0.5325620770454407,0.4805486500263214,-0.37265545129776,0.813442051410675
5,RIGHT_THUMB,0.43715900182724,0.45346298813819885,-0.30932706594467163,0.7967389822006226
5,LEFT_HIP,0.5083773732185364,0.5939127206802368,0.001476018107496202,0.9999908804893494
5,RIGHT_HIP,0.474391371011734,0.5951861143112183,-0.0015672460431233048,0.9999908804893494
5,LEFT_KNEE,0.5079109072685242,0.7068074345588684,0.008681952953338623,0.9619938731193542
5,RIGHT_KNEE,0.47358256578445435,0.7075709104537964,-0.012610037811100483,0.965907871723175
5,LEFT_ANKLE,0.4981476366519928,0.7994915246963501,0.17006036639213562,0.985886812210083
5,RIGHT_ANKLE,0.48185116052627563,0.8072874546051025,0.12511108815670013,0.9917618632316589
5,LEFT_HEEL,0.4944232106208801,0.810892641544342,0.18102362751960754,0.892344057559967
5,RIGHT_HEEL,0.4854080080986023,0.8196210861206055,0.13984538614749908,0.919073760509491
5,LEFT_FOOT_INDEX,0.5077587366104126,0.8371431231498718,0.09551806002855301,0.982141375541687
5,RIGHT_FOOT_INDEX,0.47189861536026,0.8391163945198059,0.044510163366794586,0.9853702187538147
6,NOSE,0.4882327616214752,0.3555378317832947,-0.1287834346294403,0.9995987415313721
6,LEFT_EYE_INNER,0.49200305342674255,0.35113775730133057,-0.11455750465393066,0.9991466403007507
6,LEFT_EYE,0.49436330795288086,0.35211724042892456,-0.11472229659557343,0.9989926218986511
6,LEFT_EYE_OUTER,0.4966619908809662,0.3530599772930145,-0.11469759792089462,0.9993380904197693
6,RIGHT_EYE_INNER,0.48626893758773804,0.35126063227653503,-0.11357339471578598,0.9994180798530579
6,RIGHT_EYE,0.4846186637878418,0.3521423935890198,-0.11372353136539459,0.9994558691978455
6,RIGHT_EYE_OUTER,0.4830182194709778,0.3529355525970459,-0.11379170417785645,0.9995750188827515
6,LEFT_EAR,0.5002881288528442,0.3611917793750763,-0.04206133261322975,0.9993931651115417
6,RIGHT_EAR,0.47998547554016113,0.36195674538612366,-0.03728479892015457,0.9985206723213196
6,MOUTH_LEFT,0.4921572804450989,0.36961010098457336,-0.10146363824605942,0.9995944499969482
6,MOUTH_RIGHT,0.4851996898651123,0.369647353887558,-0.10123608261346817,0.9995588064193726
6,LEFT_SHOULDER,0.5198060274124146,0.43017008900642395,-0.02494286373257637,0.9998615384101868
6,RIGHT_SHOULDER,0.45924702286720276,0.43113410472869873,-0.006962303072214127,0.9997511506080627
6,LEFT_ELBOW,0.544366717338562,0.4247191548347473,-0.1358901560306549,0.8598965406417847
6,RIGHT_ELBOW,0.42764607071876526,0.4398733377456665,-0.12658865749835968,0.8171186447143555
6,LEFT_WRIST,0.5341290831565857,0.3877931237220764,-0.27560916543006897,0.8180586099624634
6,RIGHT_WRIST,0.4315473437309265,0.38830137252807617,-0.2695525288581848,0.8213878273963928
6,LEFT_PINKY,0.5344222784042358,0.3769949972629547,-0.31220921874046326,0.8234364986419678
6,RIGHT_PINKY,0.43420109152793884,0.3735314607620239,-0.3074726462364197,0.8196238279342651
6,LEFT_INDEX,0.5295315980911255,0.3732694387435913,-0.3139187693595886,0.8287063837051392
6,RIGHT_INDEX,0.43579941987991333,0.3706929385662079,-0.3072112202644348,0.8189651966094971
6,LEFT_THUMB,0.5285161137580872,0.3788520395755768,-0.28048962354660034,0.7772117853164673
6,RIGHT_THUMB,0.43692103028297424,0.377103328704834,-0.27528637647628784,0.7916232943534851
6,LEFT_HIP,0.5078094601631165,0.5911310315132141,-0.0008179831202141941,0.9999905824661255
6,RIGHT_HIP,0.47445982694625854,0.5928162932395935,0.0007054747547954321,0.999990701675415
6,LEFT_KNEE,0.5088034272193909,0.7056611180305481,0.004776486195623875,0.9487003684043884
6,RIGHT_KNEE,0.4737911820411682,0.706753134727478,-0.009238024242222309,0.9528085589408875
6,LEFT_ANKLE,0.4980465769767761,0.7993094325065613,0.15435104072093964,0.9822986721992493
6,RIGHT_ANKLE,0.482390820980072,0.8070067763328552,0.11026136577129364,0.9902014136314392
6,LEFT_HEEL,0.49381381273269653,0.8108635544776917,0.16348490118980408,0.8792447447776794
6,RIGHT_HEEL,0.48563098907470703,0.8194984197616577,0.11881016194820404,0.9112647175788879
6,LEFT_FOOT_INDEX,0.5093525648117065,0.8368659019470215,0.07179108262062073,0.9779448509216309
6,RIGHT_FOOT_INDEX,0.47187963128089905,0.8390130996704102,0.021554993465542793,0.9823951125144958
7,NOSE,0.4923010766506195,0.33568838238716125,-0.13857202231884003,0.9995884895324707
7,LEFT_EYE_INNER,0.49541211128234863,0.3321550190448761,-0.12443021684885025,0.9990700483322144
7,LEFT_EYE,0.49746933579444885,0.333161324262619,-0.12460174411535263,0.9989011883735657
7,LEFT_EYE_OUTER,0.49944573640823364,0.3340816795825958,-0.12457887083292007,0.9992662072181702
7,RIGHT_EYE_INNER,0.48948994278907776,0.33171555399894714,-0.12430937588214874,0.9993900656700134
7,RIGHT_EYE,0.48744672536849976,0.33240658044815063,-0.12445763498544693,0.9994391798973083
7,RIGHT_EYE_OUTER,0.48551100492477417,0.33300188183784485,-0.1245071291923523,0.9995555877685547
7,LEFT_EAR,0.5020971894264221,0.3427107036113739,-0.052312202751636505,0.9993665218353271
7,RIGHT_EAR,0.48169589042663574,0.3420138359069824,-0.05178384110331535,0.9985355138778687
7,MOUTH_LEFT,0.4950302243232727,0.34945523738861084,-0.1114596575498581,0.999558687210083
7,MOUTH_RIGHT,0.4883731007575989,0.34917929768562317,-0.11245310306549072,0.9995375871658325
7,LEFT_SHOULDER,0.5199518203735352,0.40989938378334045,-0.038542840629816055,0.9998188614845276
7,RIGHT_SHOULDER,0.4608520567417145,0.41086992621421814,-0.028232300654053688,0.9997006058692932
7,LEFT_ELBOW,0.5469564199447632,0.3909621238708496,-0.1636911928653717,0.8610804677009583
7,RIGHT_ELBOW,0.42777174711227417,0.39874887466430664,-0.15843474864959717,0.8082675337791443
7,LEFT_WRIST,0.5326234102249146,0.3380967378616333,-0.3113202750682831,0.8248056173324585
7,RIGHT_WRIST,0.4327327311038971,0.3405880928039551,-0.3189118802547455,0.8356872200965881
7,LEFT_PINKY,0.5321426391601562,0.32141637802124023,-0.3497438430786133,0.8279278874397278
7,RIGHT_PINKY,0.4341980516910553,0.32798242568969727,-0.3588723838329315,0.8340491652488708
7,LEFT_INDEX,0.5273686647415161,0.3198722302913666,-0.34486615657806396,0.8319622278213501
7,RIGHT_INDEX,0.4367900490760803,0.32484862208366394,-0.35452622175216675,0.8329905867576599
7,LEFT_THUMB,0.5271492600440979,0.3361438512802124,-0.3143811523914337,0.7784126400947571
7,RIGHT_THUMB,0.43779444694519043,0.33110812306404114,-0.3236953318119049,0.8059502243995667
7,LEFT_HIP,0.5073293447494507,0.5770953893661499,-0.0006267184508033097,0.9999893307685852
7,RIGHT_HIP,0.47446566820144653,0.5769885778427124,0.0005324381636455655,0.9999893307685852
7,LEFT_KNEE,0.510551929473877,0.7038326263427734,-0.007242350839078426,0.920475423336029
7,RIGHT_KNEE,0.47427672147750854,0.7045370936393738,-0.01879861392080784,0.9213495850563049
7,LEFT_ANKLE,0.4997950494289398,0.7994228601455688,0.12969180941581726,0.9739046692848206
7,RIGHT_ANKLE,0.4810855984687805,0.8073716163635254,0.09548662602901459,0.985153079032898
7,LEFT_HEEL,0.49536919593811035,0.8112961649894714,0.13713020086288452,0.8572585582733154
7,RIGHT_HEEL,0.4846275746822357,0.8194765448570251,0.10213568061590195,0.890544593334198
7,LEFT_FOOT_INDEX,0.5099295377731323,0.8370523452758789,0.04094493389129639,0.9711726307868958
7,RIGHT_FOOT_INDEX,0.47265416383743286,0.8398187160491943,0.0029700864106416702,0.9748958349227905
8,NOSE,0.4935682713985443,0.31767818331718445,-0.1548704355955124,0.9996110796928406
8,LEFT_EYE_INNER,0.49648675322532654,0.3118225634098053,-0.13927510380744934,0.999110221862793
8,LEFT_EYE,0.49862033128738403,0.3124804198741913,-0.13945457339286804,0.9989368915557861
8,LEFT_EYE_OUTER,0.5006558895111084,0.31307780742645264,-0.13942597806453705,0.9992857575416565
8,RIGHT_EYE_INNER,0.4902208745479584,0.31174951791763306,-0.14327067136764526,0.9994230270385742
8,RIGHT_EYE,0.48789605498313904,0.3124033510684967,-0.14342091977596283,0.9994691014289856
8,RIGHT_EYE_OUTER,0.48562589287757874,0.31321626901626587,-0.1434663087129593,0.999575674533844
8,LEFT_EAR,0.5029432773590088,0.3207179307937622,-0.06070921942591667,0.9993956685066223
8,RIGHT_EAR,0.4808601438999176,0.32148128747940063,-0.07899579405784607,0.9986310005187988
8,MOUTH_LEFT,0.4960523247718811,0.33041849732398987,-0.1253255158662796,0.999569296836853
8,MOUTH_RIGHT,0.48913970589637756,0.33114224672317505,-0.13177838921546936,0.9995521903038025
8,LEFT_SHOULDER,0.5195449590682983,0.38597437739372253,-0.04299918934702873,0.9997972249984741
8,RIGHT_SHOULDER,0.4636306166648865,0.3843577206134796,-0.060593944042921066,0.9996616840362549
8,LEFT_ELBOW,0.5501319169998169,0.3594985604286194,-0.1692175418138504,0.8653392195701599
8,RIGHT_ELBOW,0.4367712140083313,0.36502739787101746,-0.2457030564546585,0.8082082867622375
8,LEFT_WRIST,0.5337223410606384,0.30753299593925476,-0.31503212451934814,0.8359951972961426
8,RIGHT_WRIST,0.43375372886657715,0.3278995752334595,-0.4349282383918762,0.8498427271842957
8,LEFT_PINKY,0.5303109288215637,0.2924641966819763,-0.3517521023750305,0.8370370864868164
8,RIGHT_PINKY,0.43404674530029297,0.30902719497680664,-0.48301783204078674,0.8482187390327454
8,LEFT_INDEX,0.5260494351387024,0.2919740676879883,-0.34874427318573,0.8404711484909058
8,RIGHT_INDEX,0.43706148862838745,0.3098312020301819,-0.475860059261322,0.8470046520233154
8,LEFT_THUMB,0.5261303186416626,0.29985514283180237,-0.31894177198410034,0.7875521183013916
8,RIGHT_THUMB,0.4377819895744324,0.3219359219074249,-0.4396030008792877,0.8203908801078796
8,LEFT_HIP,0.5069357752799988,0.5595411658287048,0.007321386598050594,0.9999856352806091
8,RIGHT_HIP,0.4742347300052643,0.5594711899757385,-0.007458837237209082,0.9999846816062927
8,LEFT_KNEE,0.5101430416107178,0.6838338375091553,-0.0030694373417645693,0.8848624229431152
8,RIGHT_KNEE,0.4744211733341217,0.693325936794281,-0.029040848836302757,0.8787071108818054
8,LEFT_ANKLE,0.5039075613021851,0.7993767857551575,0.12395650148391724,0.9588239789009094
8,RIGHT_ANKLE,0.47969627380371094,0.8045877814292908,0.08423663675785065,0.9756677746772766
8,LEFT_HEEL,0.4999707341194153,0.8073515295982361,0.13022112846374512,0.8166454434394836
8,RIGHT_HEEL,0.48399028182029724,0.8118900656700134,0.09053467214107513,0.8532400131225586
8,LEFT_FOOT_INDEX,0.5087925791740417,0.8370803594589233,0.03416001424193382,0.9573473930358887
8,RIGHT_FOOT_INDEX,0.4729033410549164,0.8397054672241211,-0.007369623519480228,0.9603441953659058
9,NOSE,0.49287518858909607,0.3203639090061188,-0.1558639109134674,0.9996042251586914
9,LEFT_EYE_INNER,0.49638524651527405,0.31242573261260986,-0.14069776237010956,0.9990853667259216
9,LEFT_EYE,0.49843138456344604,0.3127536475658417,-0.14088132977485657,0.9988852739334106
9,LEFT_EYE_OUTER,0.5003890991210938,0.31309542059898376,-0.1408521682024002,0.9992454051971436
9,RIGHT_EYE_INNER,0.48992499709129333,0.3125270903110504,-0.14349596202373505,0.9994097352027893
9,RIGHT_EYE,0.48765602707862854,0.3129437267780304,-0.1436539739370346,0.9994522929191589
9,RIGHT_EYE_OUTER,0.4854021668434143,0.31348058581352234,-0.1437056064605713,0.9995546340942383
9,LEFT_EAR,0.5027042627334595,0.31847864389419556,-0.06154487282037735,0.9993816018104553
9,RIGHT_EAR,0.48091086745262146,0.3197849988937378,-0.07469689100980759,0.998627245426178
9,MOUTH_LEFT,0.49559831619262695,0.33297571539878845,-0.12580952048301697,0.9995208978652954
9,MOUTH_RIGHT,0.4886971116065979,0.33358821272850037,-0.13080726563930511,0.9995018839836121
9,LEFT_SHOULDER,0.5200756788253784,0.38288334012031555,-0.045163609087467194,0.9997559189796448
9,RIGHT_SHOULDER,0.4635293483734131,0.3779304027557373,-0.06483764946460724,0.9995660781860352
9,LEFT_ELBOW,0.550870418548584,0.35384538769721985,-0.1825374960899353,0.8698130249977112
9,RIGHT_ELBOW,0.4369051456451416,0.3565979301929474,-0.24484746158123016,0.8071560263633728
9,LEFT_WRIST,0.5332454442977905,0.2989705502986908,-0.3350265622138977,0.846260130405426
9,RIGHT_WRIST,0.4344126582145691,0.3102823495864868,-0.43947920203208923,0.86119145154953
9,LEFT_PINKY,0.5292381048202515,0.2866484820842743,-0.37390419840812683,0.8446671366691589
9,RIGHT_PINKY,0.4350021481513977,0.2914558947086334,-0.4888803958892822,0.859003484249115
9,LEFT_INDEX,0.525093138217926,0.2834155559539795,-0.3700545132160187,0.8475756049156189
9,RIGHT_INDEX,0.43804484605789185,0.29212871193885803,-0.4810643196105957,0.8575127720832825
9,LEFT_THUMB,0.5251332521438599,0.2898958623409271,-0.33886417746543884,0.794829785823822
9,RIGHT_THUMB,0.43881097435951233,0.30260685086250305,-0.4443041682243347,0.8298429250717163
9,LEFT_HIP,0.5069013833999634,0.5587210059165955,0.00951961986720562,0.9999761581420898
9,RIGHT_HIP,0.47391754388809204,0.5565147995948792,-0.00965140201151371,0.9999737739562988
9,LEFT_KNEE,0.5096913576126099,0.6855666041374207,0.006782803684473038,0.8422303199768066
9,RIGHT_KNEE,0.4745376706123352,0.6930195093154907,-0.02427152916789055,0.8389327526092529
9,LEFT_ANKLE,0.5039301514625549,0.8016989231109619,0.139683336019516,0.9382905960083008
9,RIGHT_ANKLE,0.47888994216918945,0.803986668586731,0.09071412682533264,0.9619069695472717
9,LEFT_HEEL,0.5007079839706421,0.8080456256866455,0.1464087963104248,0.7702849507331848
9,RIGHT_HEEL,0.48358821868896484,0.8112801313400269,0.09713263064622879,0.8073335886001587
9,LEFT_FOOT_INDEX,0.507949948310852,0.8392268419265747,0.046013664454221725,0.9384974837303162
9,RIGHT_FOOT_INDEX,0.47409725189208984,0.839877724647522,-0.005837493576109409,0.940714418888092
10,NOSE,0.49260956048965454,0.2917367219924927,-0.10671831667423248,0.999573290348053
10,LEFT_EYE_INNER,0.4962216317653656,0.2855033576488495,-0.09277978539466858,0.9990003108978271
10,LEFT_EYE,0.4983426630496979,0.28609010577201843,-0.09296657890081406,0.9987629652023315
10,LEFT_EYE_OUTER,0.5003288388252258,0.28669703006744385,-0.09293802082538605,0.999170184135437
10,RIGHT_EYE_INNER,0.4900314211845398,0.2864994406700134,-0.09388359636068344,0.9993557333946228
10,RIGHT_EYE,0.48791560530662537,0.28737470507621765,-0.0940447449684143,0.9993951916694641
10,RIGHT_EYE_OUTER,0.48576316237449646,0.2880983352661133,-0.09408220648765564,0.9995089769363403
10,LEFT_EAR,0.5025741457939148,0.2947964668273926,-0.027276868000626564,0.9993354678153992
10,RIGHT_EAR,0.4814301133155823,0.29615259170532227,-0.03238870948553085,0.9985603094100952
10,MOUTH_LEFT,0.4954496920108795,0.3056401014328003,-0.08231235295534134,0.999433159828186
10,MOUTH_RIGHT,0.48884692788124084,0.30588749051094055,-0.08504079282283783,0.9994125962257385
10,LEFT_SHOULDER,0.5203116536140442,0.3583039939403534,-0.030039574950933456,0.9997159242630005
10,RIGHT_SHOULDER,0.46391358971595764,0.35844671726226807,-0.03868492692708969,0.9994650483131409
10,LEFT_ELBOW,0.5466316342353821,0.3250129818916321,-0.183861643075943,0.8690425157546997
10,RIGHT_ELBOW,0.43916216492652893,0.33072951436042786,-0.21236658096313477,0.8022984266281128
10,LEFT_WRIST,0.5313793420791626,0.2594550549983978,-0.33333852887153625,0.8485388159751892
10,RIGHT_WRIST,0.43852242827415466,0.2725827991962433,-0.3859820067882538,0.8685338497161865
10,LEFT_PINKY,0.5225839018821716,0.2450985312461853,-0.372577965259552,0.8424898982048035
10,RIGHT_PINKY,0.44016242027282715,0.2547532916069031,-0.4309709966182709,0.8653114438056946
10,LEFT_INDEX,0.5198336839675903,0.2449139505624771,-0.3653145730495453,0.8443399667739868
10,RIGHT_INDEX,0.44308799505233765,0.2537897229194641,-0.42282646894454956,0.8630965352058411
10,LEFT_THUMB,0.5218650102615356,0.25090697407722473,-0.33602485060691833,0.789481520652771
10,RIGHT_THUMB,0.44411927461624146,0.26070618629455566,-0.39026346802711487,0.8330097794532776
10,LEFT_HIP,0.5067490935325623,0.5385647416114807,0.009273274801671505,0.9999746680259705
10,RIGHT_HIP,0.473529189825058,0.5382872223854065,-0.009418944828212261,0.9999718070030212
10,LEFT_KNEE,0.5093439817428589,0.6730852127075195,0.005798651836812496,0.7992270588874817
10,RIGHT_KNEE,0.47471457719802856,0.6800118088722229,-0.021763626486063004,0.7990114092826843
10,LEFT_ANKLE,0.5079642534255981,0.7942222356796265,0.1285916417837143,0.9179470539093018
10,RIGHT_ANKLE,0.478441059589386,0.7943528890609741,0.09346596151590347,0.9463071823120117
10,LEFT_HEEL,0.5062638521194458,0.7997804284095764,0.13402989506721497,0.7268249988555908
10,RIGHT_HEEL,0.4805569052696228,0.8020154237747192,0.10000590234994888,0.7603026628494263
10,LEFT_FOOT_INDEX,0.5101012587547302,0.8377745151519775,0.029737332835793495,0.922901451587677
10,RIGHT_FOOT_INDEX,0.47338294982910156,0.8366411924362183,-0.002444959944114089,0.9224767684936523
11,NOSE,0.49306321144104004,0.26917365193367004,-0.10747013986110687,0.999582827091217
11,LEFT_EYE_INNER,0.4965326189994812,0.25963518023490906,-0.09115491062402725,0.9990171194076538
11,LEFT_EYE,0.49873456358909607,0.26046478748321533,-0.09131139516830444,0.9987596273422241
11,LEFT_EYE_OUTER,0.5008228421211243,0.26146093010902405,-0.09127597510814667,0.9991824626922607
11,RIGHT_EYE_INNER,0.4902413785457611,0.25925543904304504,-0.09532533586025238,0.9993636012077332
11,RIGHT_EYE,0.48808398842811584,0.25961944460868835,-0.09550031274557114,0.9993911981582642
11,RIGHT_EYE_OUTER,0.4857938289642334,0.26005351543426514,-0.09554235637187958,0.9995116591453552
11,LEFT_EAR,0.5025362968444824,0.26862403750419617,-0.011576807126402855,0.9993332624435425
11,RIGHT_EAR,0.4810716211795807,0.26643815636634827,-0.030487138777971268,0.9985655546188354
11,MOUTH_LEFT,0.496258407831192,0.28180375695228577,-0.07716471701860428,0.9994188547134399
11,MOUTH_RIGHT,0.4891299307346344,0.2815440595149994,-0.08394752442836761,0.9993945360183716
11,LEFT_SHOULDER,0.5199798941612244,0.3283366560935974,0.005574567709118128,0.9996958374977112
11,RIGHT_SHOULDER,0.4651145935058594,0.32630273699760437,-0.033923570066690445,0.999396800994873
11,LEFT_ELBOW,0.5442771911621094,0.2719334363937378,-0.132276713848114,0.8732456564903259
11,RIGHT_ELBOW,0.44078031182289124,0.26295205950737,-0.20164421200752258,0.8126611113548279
11,LEFT_WRIST,0.5307830572128296,0.21449311077594757,-0.33250752091407776,0.8544008135795593
11,RIGHT_WRIST,0.45239800214767456,0.19709260761737823,-0.3598288595676422,0.8715523481369019
11,LEFT_PINKY,0.5227403044700623,0.2020377516746521,-0.34334200620651245,0.8428155183792114
11,RIGHT_PINKY,0.4567294716835022,0.1888161599636078,-0.4046962857246399,0.8606166839599609
11,LEFT_INDEX,0.519861102104187,0.1986645758152008,-0.33275648951530457,0.8438102602958679
11,RIGHT_INDEX,0.4579511284828186,0.1916569322347641,-0.39354395866394043,0.855920135974884
11,LEFT_THUMB,0.5219166874885559,0.20517446100711823,-0.3161073327064514,0.7878522276878357
11,RIGHT_THUMB,0.4576883912086487,0.19623233377933502,-0.3622145354747772,0.8200640082359314
11,LEFT_HIP,0.5069141387939453,0.5071876645088196,0.014669644646346569,0.9999728798866272
11,RIGHT_HIP,0.4733058512210846,0.5075263381004333,-0.014844094403088093,0.9999698400497437
11,LEFT_KNEE,0.5098540782928467,0.6494251489639282,0.0016807110514491796,0.7641050219535828
11,RIGHT_KNEE,0.4742453694343567,0.6557981371879578,-0.04083748534321785,0.7680770754814148
11,LEFT_ANKLE,0.5108160972595215,0.7840612530708313,0.12507902085781097,0.8866714835166931
11,RIGHT_ANKLE,0.4743732511997223,0.7844196557998657,0.07821957767009735,0.9201724529266357
11,LEFT_HEEL,0.508285641670227,0.7949198484420776,0.13057203590869904,0.6815552115440369
11,RIGHT_HEEL,0.47494617104530334,0.7947837114334106,0.08483520895242691,0.7093155980110168
11,LEFT_FOOT_INDEX,0.5159822702407837,0.8236081600189209,0.022763757035136223,0.8959237933158875
11,RIGHT_FOOT_INDEX,0.4706072211265564,0.8286715745925903,-0.023840952664613724,0.8924226760864258
12,NOSE,0.4933125376701355,0.2657971978187561,-0.050190519541502,0.9995997548103333
12,LEFT_EYE_INNER,0.49671536684036255,0.2544814944267273,-0.03233971446752548,0.9990602135658264
12,LEFT_EYE,0.49918943643569946,0.255143940448761,-0.032469652593135834,0.9987911581993103
12,LEFT_EYE_OUTER,0.5013874769210815,0.2558968961238861,-0.03242185339331627,0.9992186427116394
12,RIGHT_EYE_INNER,0.4899965226650238,0.2538885176181793,-0.032179128378629684,0.9993900060653687
12,RIGHT_EYE,0.4878169894218445,0.25419333577156067,-0.03235988691449165,0.9994032979011536
12,RIGHT_EYE_OUTER,0.4854776859283447,0.2544761300086975,-0.03239723667502403,0.9995333552360535
12,LEFT_EAR,0.5029695630073547,0.2602634131908417,0.044558338820934296,0.9993335604667664
12,RIGHT_EAR,0.48119646310806274,0.2558119595050812,0.045028600841760635,0.9985817074775696
12,MOUTH_LEFT,0.4973793029785156,0.27734196186065674,-0.021193962544202805,0.9993370771408081
12,MOUTH_RIGHT,0.48973459005355835,0.27717798948287964,-0.02248956821858883,0.9993108510971069
12,LEFT_SHOULDER,0.5197626352310181,0.3124891221523285,0.05355725437402725,0.9996234774589539
12,RIGHT_SHOULDER,0.4657902717590332,0.3099961578845978,0.05132415145635605,0.9992809891700745
12,LEFT_ELBOW,0.5436738133430481,0.24620278179645538,-0.01687951572239399,0.8760361075401306
12,RIGHT_ELBOW,0.44259947538375854,0.24256491661071777,-0.04300982877612114,0.8234304189682007
12,LEFT_WRIST,0.5212465524673462,0.17582716047763824,-0.07267627865076065,0.8533599972724915
12,RIGHT_WRIST,0.4605100750923157,0.17013400793075562,-0.12909440696239471,0.87428879737854
12,LEFT_PINKY,0.5137136578559875,0.16187278926372528,-0.09426038712263107,0.8274902701377869
12,RIGHT_PINKY,0.4650360643863678,0.15239489078521729,-0.1581462025642395,0.8514001965522766
12,LEFT_INDEX,0.5110092163085938,0.16167452931404114,-0.08563043177127838,0.8260332942008972
12,RIGHT_INDEX,0.4676695764064789,0.1517302244901657,-0.14845111966133118,0.8445042371749878
12,LEFT_THUMB,0.5123962759971619,0.1692291498184204,-0.0713697150349617,0.7696572542190552
12,RIGHT_THUMB,0.4675852358341217,0.15920093655586243,-0.13032445311546326,0.8079914450645447
12,LEFT_HIP,0.5069344639778137,0.48929673433303833,0.01334075815975666,0.9999687075614929
12,RIGHT_HIP,0.47326940298080444,0.4886896014213562,-0.013489137403666973,0.9999659657478333
12,LEFT_KNEE,0.5099755525588989,0.6233672499656677,0.00457735825330019,0.7488340735435486
12,RIGHT_KNEE,0.4739249348640442,0.6250982284545898,-0.032441895455121994,0.7589772343635559
12,LEFT_ANKLE,0.5093648433685303,0.7476972937583923,0.12626084685325623,0.8642554879188538
12,RIGHT_ANKLE,0.47364887595176697,0.7438501715660095,0.08560606092214584,0.8926801085472107
12,LEFT_HEEL,0.5062351226806641,0.7606162428855896,0.132607564330101,0.642215371131897
12,RIGHT_HEEL,0.47460752725601196,0.7548462748527527,0.0866495817899704,0.6614320874214172
12,LEFT_FOOT_INDEX,0.5140196084976196,0.7865238785743713,0.03157294541597366,0.8730466961860657
12,RIGHT_FOOT_INDEX,0.47039303183555603,0.7927286624908447,-0.01652408018708229,0.8621641397476196
13,NOSE,0.4932617247104645,0.25459232926368713,-0.05674557760357857,0.9995087385177612
13,LEFT_EYE_INNER,0.4967261850833893,0.24322395026683807,-0.03894232586026192,0.998869776725769
13,LEFT_EYE,0.49929556250572205,0.24472738802433014,-0.03908752650022507,0.9984560608863831
13,LEFT_EYE_OUTER,0.5015315413475037,0.24635882675647736,-0.03903891146183014,0.9990798234939575
13,RIGHT_EYE_INNER,0.49006709456443787,0.242118239402771,-0.039441246539354324,0.9992609024047852
13,RIGHT_EYE,0.48796525597572327,0.24234993755817413,-0.039628319442272186,0.999214768409729
13,RIGHT_EYE_OUTER,0.4856937527656555,0.24273313581943512,-0.039683327078819275,0.9994488954544067
13,LEFT_EAR,0.50287264585495,0.2520044147968292,0.03600025922060013,0.9990128874778748
13,RIGHT_EAR,0.4818597733974457,0.24693065881729126,0.03358974680304527,0.9980722069740295
13,MOUTH_LEFT,0.4974515438079834,0.2675282061100006,-0.02846064604818821,0.9988245964050293
13,MOUTH_RIGHT,0.4893677234649658,0.2654244005680084,-0.03061012551188469,0.9988187551498413
13,LEFT_SHOULDER,0.519701361656189,0.30700740218162537,0.049676477909088135,0.9994962215423584
13,RIGHT_SHOULDER,0.46602606773376465,0.30341291427612305,0.03882775455713272,0.9990578293800354
13,LEFT_ELBOW,0.5426950454711914,0.2348080575466156,-0.0016306678298860788,0.8645178079605103
13,RIGHT_ELBOW,0.4434489607810974,0.23122946918010712,-0.02674410119652748,0.8172871470451355
13,LEFT_WRIST,0.5180613994598389,0.16965603828430176,-0.057790905237197876,0.8370415568351746
13,RIGHT_WRIST,0.4638749957084656,0.1583089530467987,-0.09054968506097794,0.8631748557090759
13,LEFT_PINKY,0.5100351572036743,0.1531090885400772,-0.0801456943154335,0.8006165027618408
13,RIGHT_PINKY,0.4679039418697357,0.1366255283355713,-0.1187385767698288,0.8275903463363647
13,LEFT_INDEX,0.5071905255317688,0.15363235771656036,-0.07717948406934738,0.7981144785881042
13,RIGHT_INDEX,0.4704078137874603,0.1373586803674698,-0.11365294456481934,0.8191466927528381
13,LEFT_THUMB,0.5083630084991455,0.16068950295448303,-0.059064555913209915,0.7414352893829346
13,RIGHT_THUMB,0.4701541066169739,0.1473652571439743,-0.09314873069524765,0.7809945940971375
13,LEFT_HIP,0.5070657730102539,0.48609745502471924,0.012745456770062447,0.9999604225158691
13,RIGHT_HIP,0.473074346780777,0.4862125515937805,-0.012901467271149158,0.9999572038650513
13,LEFT_KNEE,0.509928822517395,0.6191467046737671,0.01808376982808113,0.7106398344039917
13,RIGHT_KNEE,0.47372889518737793,0.6194102168083191,-0.03391730785369873,0.7321606278419495
13,LEFT_ANKLE,0.5098583102226257,0.7398000955581665,0.14197108149528503,0.8232516646385193
13,RIGHT_ANKLE,0.47291821241378784,0.7386836409568787,0.08370985090732574,0.8535630106925964
13,LEFT_HEEL,0.5067075490951538,0.7501287460327148,0.14929983019828796,0.5949545502662659
13,RIGHT_HEEL,0.47335463762283325,0.7511178851127625,0.09015705436468124,0.609660267829895
13,LEFT_FOOT_INDEX,0.5156381726264954,0.7786238193511963,0.05177990719676018,0.8299893736839294
13,RIGHT_FOOT_INDEX,0.47023773193359375,0.7871630191802979,-0.009029903449118137,0.8172252774238586
14,NOSE,0.49344754219055176,0.25154557824134827,-0.03852156549692154,0.9994602799415588
14,LEFT_EYE_INNER,0.4975763261318207,0.24301780760288239,-0.019364720210433006,0.9987607598304749
14,LEFT_EYE,0.5003126859664917,0.24395500123500824,-0.01950823701918125,0.9982686638832092
14,LEFT_EYE_OUTER,0.5025711059570312,0.24497951567173004,-0.019445430487394333,0.998998761177063
14,RIGHT_EYE_INNER,0.4904080033302307,0.2422029674053192,-0.019408317282795906,0.9991797804832458
14,RIGHT_EYE,0.4881266951560974,0.2426942139863968,-0.019587550312280655,0.9991016387939453
14,RIGHT_EYE_OUTER,0.4856930673122406,0.24327784776687622,-0.019621141254901886,0.9993988275527954
14,LEFT_EAR,0.5034705996513367,0.25011250376701355,0.05894932150840759,0.9987624287605286
14,RIGHT_EAR,0.4820348620414734,0.24558432400226593,0.05863972380757332,0.9976869225502014
14,MOUTH_LEFT,0.4979671835899353,0.265146940946579,-0.009042959660291672,0.9982690215110779
14,MOUTH_RIGHT,0.48973697423934937,0.2638494074344635,-0.010680210776627064,0.9983012080192566
14,LEFT_SHOULDER,0.5195308923721313,0.30311113595962524,0.06806686520576477,0.9993707537651062
14,RIGHT_SHOULDER,0.46626609563827515,0.2941879630088806,0.06556978821754456,0.9988709092140198
14,LEFT_ELBOW,0.5422788262367249,0.23176982998847961,0.002489412436261773,0.8621357679367065
14,RIGHT_ELBOW,0.44412294030189514,0.22217413783073425,0.004906294867396355,0.8159834742546082
14,LEFT_WRIST,0.5176695585250854,0.16297149658203125,-0.06095016747713089,0.8304430246353149
14,RIGHT_WRIST,0.4668159484863281,0.15197600424289703,-0.0492168590426445,0.8580477833747864
14,LEFT_PINKY,0.508838415145874,0.14691904187202454,-0.08469079434871674,0.7833166718482971
14,RIGHT_PINKY,0.4711299538612366,0.13541969656944275,-0.07484783232212067,0.8112918734550476
14,LEFT_INDEX,0.5055925846099854,0.1472567319869995,-0.07779280841350555,0.779364824295044
14,RIGHT_INDEX,0.4736707806587219,0.1361122727394104,-0.06813037395477295,0.8012674450874329
14,LEFT_THUMB,0.5073554515838623,0.15611067414283752,-0.060779470950365067,0.7221808433532715
14,RIGHT_THUMB,0.473583459854126,0.14479191601276398,-0.050941191613674164,0.762563943862915
14,LEFT_HIP,0.5071781873703003,0.479312926530838,0.011731860227882862,0.9999523162841797
14,RIGHT_HIP,0.4729462265968323,0.48050275444984436,-0.011881930753588676,0.999949038028717
14,LEFT_KNEE,0.5099753141403198,0.61089026927948,0.01739894039928913,0.6862527132034302
14,RIGHT_KNEE,0.47343626618385315,0.6168286800384521,-0.03694009408354759,0.7153788208961487
14,LEFT_ANKLE,0.5103050470352173,0.7395938634872437,0.13446661829948425,0.7967503666877747
14,RIGHT_ANKLE,0.4722713828086853,0.7430558204650879,0.0703098252415657,0.8264837265014648
14,LEFT_HEEL,0.5069738030433655,0.7516880631446838,0.14064647257328033,0.5604099631309509
14,RIGHT_HEEL,0.47289496660232544,0.7563559412956238,0.07662548869848251,0.5685503482818604
14,LEFT_FOOT_INDEX,0.5197845101356506,0.7784489393234253,0.03881608694791794,0.8033009767532349
14,RIGHT_FOOT_INDEX,0.4702620506286621,0.791756272315979,-0.029146846383810043,0.7859165668487549
15,NOSE,0.49295297265052795,0.24285267293453217,-0.03657333925366402,0.9994499683380127
15,LEFT_EYE_INNER,0.4972100257873535,0.23558290302753448,-0.016491876915097237,0.9987440705299377
15,LEFT_EYE,0.5000607371330261,0.23673459887504578,-0.016636591404676437,0.9982245564460754
15,LEFT_EYE_OUTER,0.5024388432502747,0.2379036843776703,-0.01657121814787388,0.9989905953407288
15,RIGHT_EYE_INNER,0.49026384949684143,0.23447303473949432,-0.015486893244087696,0.999161422252655
15,RIGHT_EYE,0.4881013035774231,0.23496752977371216,-0.015669288113713264,0.9990653395652771
15,RIGHT_EYE_OUTER,0.4857439398765564,0.2355452924966812,-0.015703396871685982,0.9993919134140015
15,LEFT_EAR,0.5037679672241211,0.2439090460538864,0.06367805600166321,0.9986695051193237
15,RIGHT_EAR,0.48235997557640076,0.24013954401016235,0.06838804483413696,0.9975380897521973
15,MOUTH_LEFT,0.4975816607475281,0.2570834755897522,-0.006853619124740362,0.9980727434158325
15,MOUTH_RIGHT,0.4894941449165344,0.25407323241233826,-0.007066796068102121,0.9981244206428528
15,LEFT_SHOULDER,0.5194254517555237,0.3015748858451843,0.07545477151870728,0.999308705329895
15,RIGHT_SHOULDER,0.466549813747406,0.2931472957134247,0.07986778765916824,0.9988006353378296
15,LEFT_ELBOW,0.542852520942688,0.23015685379505157,0.02358175814151764,0.8671191930770874
15,RIGHT_ELBOW,0.4447855055332184,0.22030653059482574,0.03551902994513512,0.8201062083244324
15,LEFT_WRIST,0.5177231431007385,0.16106051206588745,-0.019801516085863113,0.8275675773620605
15,RIGHT_WRIST,0.4679810404777527,0.15015959739685059,-0.008069152012467384,0.858802080154419
15,LEFT_PINKY,0.5092532634735107,0.14602148532867432,-0.04024394601583481,0.7688849568367004
15,RIGHT_PINKY,0.4719826579093933,0.1338215470314026,-0.03168672323226929,0.8034611344337463
15,LEFT_INDEX,0.5058565735816956,0.1467389613389969,-0.033654991537332535,0.763397216796875
15,RIGHT_INDEX,0.47448620200157166,0.13564921915531158,-0.02551126852631569,0.792262077331543
15,LEFT_THUMB,0.5073766112327576,0.15354913473129272,-0.019204305484890938,0.7063164114952087
15,RIGHT_THUMB,0.4743863046169281,0.1439574509859085,-0.0097226332873106,0.7537953853607178
15,LEFT_HIP,0.5070871114730835,0.4726257622241974,0.009348772466182709,0.9999457597732544
15,RIGHT_HIP,0.47283345460891724,0.4737623333930969,-0.009524325840175152,0.9999430775642395
15,LEFT_KNEE,0.5098409056663513,0.5989395976066589,0.006338745355606079,0.6758553981781006
15,RIGHT_KNEE,0.4726714491844177,0.6077373623847961,-0.032924551516771317,0.7072166800498962
15,LEFT_ANKLE,0.5099795460700989,0.7288109064102173,0.13162663578987122,0.7770106196403503
15,RIGHT_ANKLE,0.4717503488063812,0.7353074550628662,0.07553514093160629,0.8098935484886169
15,LEFT_HEEL,0.5059151649475098,0.7402126789093018,0.13893988728523254,0.5307064652442932
15,RIGHT_HEEL,0.47271227836608887,0.747717559337616,0.08226282149553299,0.5374205112457275
15,LEFT_FOOT_INDEX,0.5187445878982544,0.7617510557174683,0.04134751483798027,0.7820695042610168
15,RIGHT_FOOT_INDEX,0.4696892201900482,0.7871936559677124,-0.01954190991818905,0.7659510970115662
16,NOSE,0.4952377676963806,0.24693875014781952,0.01684166118502617,0.9994726181030273
16,LEFT_EYE_INNER,0.499016135931015,0.23745381832122803,0.03934140503406525,0.9988009929656982
16,LEFT_EYE,0.5016257762908936,0.23837369680404663,0.03921130299568176,0.9982949495315552
16,LEFT_EYE_OUTER,0.5038022994995117,0.23937100172042847,0.03928476572036743,0.9990364909172058
16,RIGHT_EYE_INNER,0.49204617738723755,0.2369108647108078,0.039373062551021576,0.9991969466209412
16,RIGHT_EYE,0.4897899031639099,0.23722417652606964,0.03920290991663933,0.9990977048873901
16,RIGHT_EYE_OUTER,0.4874003827571869,0.23756231367588043,0.039191365242004395,0.9994188547134399
16,LEFT_EAR,0.5045561790466309,0.2447526752948761,0.12272097915410995,0.9986917972564697
16,RIGHT_EAR,0.4831532835960388,0.23946163058280945,0.12282353639602661,0.9975907206535339
16,MOUTH_LEFT,0.49967193603515625,0.2590658962726593,0.04737568274140358,0.9980167746543884
16,MOUTH_RIGHT,0.4916599690914154,0.2584711015224457,0.04584723711013794,0.9980750679969788
16,LEFT_SHOULDER,0.519551694393158,0.3016796410083771,0.12837530672550201,0.9992774128913879
16,RIGHT_SHOULDER,0.46704667806625366,0.29317715764045715,0.12848226726055145,0.998763918876648
16,LEFT_ELBOW,0.5437697172164917,0.2275591343641281,0.07464190572500229,0.8671457767486572
16,RIGHT_ELBOW,0.44460582733154297,0.2199825644493103,0.08728703111410141,0.8178666234016418
16,LEFT_WRIST,0.5177230834960938,0.1600152552127838,0.02824966236948967,0.8289129137992859
16,RIGHT_WRIST,0.46606868505477905,0.1515924036502838,0.05343106389045715,0.8613286018371582
16,LEFT_PINKY,0.5094156265258789,0.1460852175951004,0.009138299152255058,0.761883020401001
16,RIGHT_PINKY,0.4699881672859192,0.13533206284046173,0.03305315226316452,0.7997907996177673
16,LEFT_INDEX,0.5061019062995911,0.1471869945526123,0.017878148704767227,0.754838228225708
16,RIGHT_INDEX,0.4726428985595703,0.13598637282848358,0.04055892303586006,0.7878351807594299
16,LEFT_THUMB,0.5073994994163513,0.15361148118972778,0.02983417548239231,0.6963763236999512
16,RIGHT_THUMB,0.47265690565109253,0.14487411081790924,0.052619583904743195,0.7494354844093323
16,LEFT_HIP,0.5070005059242249,0.4714208245277405,0.009202132001519203,0.9999375343322754
16,RIGHT_HIP,0.4728142321109772,0.4708288013935089,-0.009367821738123894,0.9999337196350098
16,LEFT_KNEE,0.509666383266449,0.6081420183181763,-0.011929304338991642,0.663441002368927
16,RIGHT_KNEE,0.4720909595489502,0.6096175909042358,-0.04252896085381508,0.6917701959609985
16,LEFT_ANKLE,0.5099857449531555,0.7399246096611023,0.08107660710811615,0.756385862827301
16,RIGHT_ANKLE,0.47101879119873047,0.7392556071281433,0.05632936209440231,0.7810940146446228
16,LEFT_HEEL,0.5057586431503296,0.7522576451301575,0.08503533899784088,0.5040450096130371
16,RIGHT_HEEL,0.47218823432922363,0.7501780390739441,0.0622660331428051,0.5018430948257446
16,LEFT_FOOT_INDEX,0.5200502276420593,0.7762060165405273,-0.022594112902879715,0.7622995376586914
16,RIGHT_FOOT_INDEX,0.4685322642326355,0.7883003950119019,-0.04485338181257248,0.735510528087616
17,NOSE,0.4980868697166443,0.24723434448242188,-0.016579026356339455,0.999448299407959
17,LEFT_EYE_INNER,0.5008742809295654,0.23741239309310913,0.003981234505772591,0.9987309575080872
17,LEFT_EYE,0.5029395222663879,0.23831447958946228,0.003843164537101984,0.9981632828712463
17,LEFT_EYE_OUTER,0.5049040913581848,0.23931854963302612,0.003901338204741478,0.9989890456199646
17,RIGHT_EYE_INNER,0.4950307011604309,0.23657771944999695,0.0035519562661647797,0.9991467595100403
17,RIGHT_EYE,0.49254828691482544,0.23667070269584656,0.0033908612094819546,0.9990206360816956
17,RIGHT_EYE_OUTER,0.4901311993598938,0.23694108426570892,0.003373250365257263,0.9993896484375
17,LEFT_EAR,0.5050095319747925,0.24512788653373718,0.08252136409282684,0.9985231757164001
17,RIGHT_EAR,0.4845358729362488,0.23966456949710846,0.08101455867290497,0.9973174929618835
17,MOUTH_LEFT,0.5010479092597961,0.2589370012283325,0.012244878336787224,0.9977473616600037
17,MOUTH_RIGHT,0.49453026056289673,0.2584414482116699,0.010256880894303322,0.9978004097938538
17,LEFT_SHOULDER,0.5198526978492737,0.3038802742958069,0.0829385370016098,0.999214231967926
17,RIGHT_SHOULDER,0.46729689836502075,0.2950776517391205,0.08322292566299438,0.9986515641212463
17,LEFT_ELBOW,0.5449568629264832,0.23419532179832458,0.0026878153439611197,0.8681695461273193
17,RIGHT_ELBOW,0.44421347975730896,0.2250204086303711,0.00674533611163497,0.8230635523796082
17,LEFT_WRIST,0.5179029107093811,0.16717571020126343,-0.07503660768270493,0.8288394212722778
17,RIGHT_WRIST,0.4648939073085785,0.15487129986286163,-0.06484288722276688,0.8648008704185486
17,LEFT_PINKY,0.5106052160263062,0.15090397000312805,-0.10082956403493881,0.7529130578041077
17,RIGHT_PINKY,0.46877211332321167,0.13731756806373596,-0.09261725842952728,0.7969962954521179
17,LEFT_INDEX,0.5072216391563416,0.1518082469701767,-0.09343989193439484,0.7443382740020752
17,RIGHT_INDEX,0.47207149863243103,0.13758085668087006,-0.08535072207450867,0.7843867540359497
17,LEFT_THUMB,0.50843745470047,0.15871603786945343,-0.07504044473171234,0.6848640441894531
17,RIGHT_THUMB,0.47205695509910583,0.1470031887292862,-0.06681644171476364,0.7453426718711853
17,LEFT_HIP,0.5069960951805115,0.4747345447540283,0.008617522194981575,0.9999318718910217
17,RIGHT_HIP,0.4727790951728821,0.47400155663490295,-0.008795628324151039,0.9999276399612427
17,LEFT_KNEE,0.5095120668411255,0.614794135093689,-0.009773951955139637,0.6396703720092773
17,RIGHT_KNEE,0.47192081809043884,0.6094188094139099,-0.037701211869716644,0.663213849067688
17,LEFT_ANKLE,0.5100416541099548,0.7451902627944946,0.09513701498508453,0.7327659726142883
17,RIGHT_ANKLE,0.46997421979904175,0.7402306199073792,0.0681169182062149,0.7506389021873474
17,LEFT_HEEL,0.5056764483451843,0.7581050395965576,0.09981319308280945,0.4741974472999573
17,RIGHT_HEEL,0.4715331196784973,0.7520248293876648,0.07457759976387024,0.4671044945716858
17,LEFT_FOOT_INDEX,0.5193195939064026,0.7816880345344543,-0.008856134489178658,0.7404068112373352
17,RIGHT_FOOT_INDEX,0.4647084176540375,0.7838151454925537,-0.030643384903669357,0.7059605717658997
18,NOSE,0.49807342886924744,0.24938438832759857,-0.048804767429828644,0.999420702457428
18,LEFT_EYE_INNER,0.5006770491600037,0.2407703399658203,-0.029992341995239258,0.9986610412597656
18,LEFT_EYE,0.5027930736541748,0.24154327809810638,-0.03014131262898445,0.9980381727218628
18,LEFT_EYE_OUTER,0.5047504305839539,0.24260632693767548,-0.030088912695646286,0.9989371299743652
18,RIGHT_EYE_INNER,0.4950612485408783,0.24104247987270355,-0.030394185334444046,0.9990938901901245
18,RIGHT_EYE,0.4927474856376648,0.24179166555404663,-0.030562203377485275,0.998945415019989
18,RIGHT_EYE_OUTER,0.4903002381324768,0.24262197315692902,-0.03059406578540802,0.999354898929596
18,LEFT_EAR,0.5055190324783325,0.2500140368938446,0.048773393034935,0.9983935952186584
18,RIGHT_EAR,0.4854055941104889,0.24737271666526794,0.04669005423784256,0.9971012473106384
18,MOUTH_LEFT,0.5013178586959839,0.2624865174293518,-0.019426072016358376,0.997641921043396
18,MOUTH_RIGHT,0.49533766508102417,0.26260408759117126,-0.02159282937645912,0.9976754784584045
18,LEFT_SHOULDER,0.52085942029953,0.3092004060745239,0.05463206022977829,0.9991441965103149
18,RIGHT_SHOULDER,0.4676453471183777,0.30155766010284424,0.05828298255801201,0.9985541105270386
18,LEFT_ELBOW,0.5475320219993591,0.24428723752498627,-0.07893802970647812,0.8730132579803467
18,RIGHT_ELBOW,0.4439609944820404,0.22968308627605438,-0.05704597383737564,0.8341450095176697
18,LEFT_WRIST,0.521977961063385,0.17896342277526855,-0.1912541687488556,0.8335593938827515
18,RIGHT_WRIST,0.4640604853630066,0.16013239324092865,-0.16380326449871063,0.8729537725448608
18,LEFT_PINKY,0.5147899985313416,0.16131772100925446,-0.22505855560302734,0.7501139640808105
18,RIGHT_PINKY,0.46750497817993164,0.14385738968849182,-0.19822892546653748,0.8034296631813049
18,LEFT_INDEX,0.5105887055397034,0.162206768989563,-0.21507367491722107,0.7400457859039307
18,RIGHT_INDEX,0.4714530408382416,0.14533984661102295,-0.18938030302524567,0.7905959486961365
18,LEFT_THUMB,0.5121313333511353,0.16999386250972748,-0.19151848554611206,0.6798413991928101
18,RIGHT_THUMB,0.47159886360168457,0.15341466665267944,-0.16629506647586823,0.7507935166358948
18,LEFT_HIP,0.5070910453796387,0.48121947050094604,0.0057060616090893745,0.9999241828918457
18,RIGHT_HIP,0.4727385938167572,0.4796312153339386,-0.005882821045815945,0.9999212026596069
18,LEFT_KNEE,0.5094344615936279,0.6208611726760864,-0.01136129628866911,0.6190399527549744
18,RIGHT_KNEE,0.4714035093784332,0.6149396896362305,-0.03576742112636566,0.6404196619987488
18,LEFT_ANKLE,0.509846568107605,0.7454554438591003,0.09581394493579865,0.712691068649292
18,RIGHT_ANKLE,0.46843504905700684,0.7450026869773865,0.07037703692913055,0.7283202409744263
18,LEFT_HEEL,0.5053548812866211,0.7606648802757263,0.09997328370809555,0.44681403040885925
18,RIGHT_HEEL,0.47029250860214233,0.7566042542457581,0.07609204947948456,0.4374135732650757
18,LEFT_FOOT_INDEX,0.5174695253372192,0.7836807370185852,-0.012761088088154793,0.7234749794006348
18,RIGHT_FOOT_INDEX,0.4626544117927551,0.787516713142395,-0.03396395966410637,0.685808002948761
19,NOSE,0.4981151223182678,0.2559981346130371,-0.0547647587954998,0.9994417428970337
19,LEFT_EYE_INNER,0.5011106729507446,0.24730446934700012,-0.03672591969370842,0.9987046718597412
19,LEFT_EYE,0.5033861994743347,0.248087540268898,-0.03687257692217827,0.9981064200401306
19,LEFT_EYE_OUTER,0.505573570728302,0.24909305572509766,-0.036818813532590866,0.998967170715332
19,RIGHT_EYE_INNER,0.49495500326156616,0.247304767370224,-0.036280207335948944,0.9991214871406555
19,RIGHT_EYE,0.4925692081451416,0.24789617955684662,-0.036441635340452194,0.9989815950393677
19,RIGHT_EYE_OUTER,0.4901142716407776,0.2485470175743103,-0.036462731659412384,0.9993743896484375
19,LEFT_EAR,0.5065781474113464,0.2559798061847687,0.039786018431186676,0.9984501600265503
19,RIGHT_EAR,0.4853643774986267,0.2527253329753876,0.041780050843954086,0.9972173571586609
19,MOUTH_LEFT,0.5016772747039795,0.2689327001571655,-0.026470940560102463,0.9977145791053772
19,MOUTH_RIGHT,0.4948841631412506,0.26857396960258484,-0.027336809784173965,0.9977439045906067
19,LEFT_SHOULDER,0.5239484310150146,0.3152645230293274,0.04894951730966568,0.999146044254303
19,RIGHT_SHOULDER,0.4679873585700989,0.308409720659256,0.04907165840268135,0.9985772371292114
19,LEFT_ELBOW,0.5496175289154053,0.25493401288986206,-0.09122727811336517,0.8810670375823975
19,RIGHT_ELBOW,0.44381365180015564,0.24651405215263367,-0.08219406008720398,0.8458883762359619
19,LEFT_WRIST,0.5254712700843811,0.19187526404857635,-0.2049468457698822,0.8460922837257385
19,RIGHT_WRIST,0.46306276321411133,0.17533545196056366,-0.20812281966209412,0.8839879631996155
19,LEFT_PINKY,0.5184308290481567,0.1716611385345459,-0.23780837655067444,0.7648369669914246
19,RIGHT_PINKY,0.4664052128791809,0.1562347561120987,-0.24346201121807098,0.8187065124511719
19,LEFT_INDEX,0.5137994289398193,0.1714964210987091,-0.2258354127407074,0.7547124624252319
19,RIGHT_INDEX,0.4699767529964447,0.15653513371944427,-0.23201453685760498,0.8065652847290039
19,LEFT_THUMB,0.5149898529052734,0.1797817498445511,-0.20432844758033752,0.6966878175735474
19,RIGHT_THUMB,0.4701453149318695,0.16517327725887299,-0.20983628928661346,0.7689026594161987
19,LEFT_HIP,0.5072641372680664,0.4867683947086334,0.00496663199737668,0.9999157190322876
19,RIGHT_HIP,0.47262492775917053,0.4854317605495453,-0.005140787456184626,0.9999140501022339
19,LEFT_KNEE,0.5093041658401489,0.623431921005249,-0.012862302362918854,0.6093493103981018
19,RIGHT_KNEE,0.47128334641456604,0.620269238948822,-0.03673926740884781,0.6319253444671631
19,LEFT_ANKLE,0.5098532438278198,0.7507442831993103,0.09622005373239517,0.7050772905349731
19,RIGHT_ANKLE,0.4674453139305115,0.7475951910018921,0.07275865226984024,0.7163906097412109
19,LEFT_HEEL,0.5066365599632263,0.7651355266571045,0.10060779750347137,0.42836838960647583
19,RIGHT_HEEL,0.4693518579006195,0.759287416934967,0.07889412343502045,0.4143918454647064
19,LEFT_FOOT_INDEX,0.5172137022018433,0.799406886100769,-0.0109612587839365,0.72139972448349
19,RIGHT_FOOT_INDEX,0.46246790885925293,0.789594292640686,-0.028891419991850853,0.6774794459342957
20,NOSE,0.49851202964782715,0.2672852873802185,-0.09591387212276459,0.9994760751724243
20,LEFT_EYE_INNER,0.5015386343002319,0.25651460886001587,-0.07841141521930695,0.9987835884094238
20,LEFT_EYE,0.5037270784378052,0.25688818097114563,-0.07856826484203339,0.9982216954231262
20,LEFT_EYE_OUTER,0.5058354139328003,0.2576506733894348,-0.07851941883563995,0.9990276098251343
20,RIGHT_EYE_INNER,0.495750367641449,0.2566355764865875,-0.07936039566993713,0.9991725087165833
20,RIGHT_EYE,0.49349838495254517,0.2568587064743042,-0.07950925081968307,0.9990408420562744
20,RIGHT_EYE_OUTER,0.49105972051620483,0.2571333348751068,-0.07952798157930374,0.9994065165519714
20,LEFT_EAR,0.5072354078292847,0.2638724148273468,0.0022102920338511467,0.9985449910163879
20,RIGHT_EAR,0.4860694408416748,0.261450856924057,-0.0021481546573340893,0.9973649382591248
20,MOUTH_LEFT,0.5017907619476318,0.2789134383201599,-0.06574604660272598,0.9978707432746887
20,MOUTH_RIGHT,0.4947327971458435,0.27910739183425903,-0.06846877187490463,0.9978894591331482
20,LEFT_SHOULDER,0.5245853662490845,0.3251504600048065,0.01432524062693119,0.9991793036460876
20,RIGHT_SHOULDER,0.4684009552001953,0.3119232952594757,0.007806076668202877,0.9986184239387512
20,LEFT_ELBOW,0.5537298917770386,0.2717110514640808,-0.11681360006332397,0.8890265226364136
20,RIGHT_ELBOW,0.44255608320236206,0.2530938386917114,-0.13855427503585815,0.8541638851165771
20,LEFT_WRIST,0.5338350534439087,0.19554227590560913,-0.2532329261302948,0.8586825728416443
20,RIGHT_WRIST,0.46124276518821716,0.18784067034721375,-0.28755176067352295,0.8924175500869751
20,LEFT_PINKY,0.5271269083023071,0.1839495301246643,-0.2896578311920166,0.782191812992096
20,RIGHT_PINKY,0.4650643467903137,0.1695290207862854,-0.3286415934562683,0.8301217555999756
20,LEFT_INDEX,0.5211071372032166,0.18530559539794922,-0.2820841073989868,0.7727079391479492
20,RIGHT_INDEX,0.46968308091163635,0.1692538857460022,-0.3182239234447479,0.8184289932250977
20,LEFT_THUMB,0.523321807384491,0.1916712075471878,-0.25475946068763733,0.7174963355064392
20,RIGHT_THUMB,0.47006312012672424,0.17793327569961548,-0.2902742922306061,0.7817269563674927
20,LEFT_HIP,0.5073220729827881,0.500616729259491,0.006186528131365776,0.9999055862426758
20,RIGHT_HIP,0.4726390838623047,0.49824050068855286,-0.006362526677548885,0.9999037384986877
20,LEFT_KNEE,0.509221613407135,0.6482160091400146,-0.008981546387076378,0.5836318731307983
20,RIGHT_KNEE,0.4712293744087219,0.641771137714386,-0.0360814668238163,0.6053838133811951
20,LEFT_ANKLE,0.5098214149475098,0.7785406112670898,0.10102218389511108,0.6880336403846741
20,RIGHT_ANKLE,0.46764039993286133,0.7728216648101807,0.06884802877902985,0.701524555683136
20,LEFT_HEEL,0.5072605609893799,0.7889619469642639,0.1050669401884079,0.4088856279850006
20,RIGHT_HEEL,0.4693356156349182,0.7832193970680237,0.07380620390176773,0.39218297600746155
20,LEFT_FOOT_INDEX,0.5171629190444946,0.8246805667877197,-0.010189192369580269,0.713122546672821
20,RIGHT_FOOT_INDEX,0.46287766098976135,0.8136974573135376,-0.041887134313583374,0.6647742390632629
21,NOSE,0.4998626708984375,0.2868729829788208,-0.12363928556442261,0.999516487121582
21,LEFT_EYE_INNER,0.5028923749923706,0.2782013714313507,-0.10577912628650665,0.9988789558410645
21,LEFT_EYE,0.5050047636032104,0.2790765166282654,-0.10594858974218369,0.9983629584312439
21,LEFT_EYE_OUTER,0.5069411993026733,0.28008565306663513,-0.10590457916259766,0.999101996421814
21,RIGHT_EYE_INNER,0.49723610281944275,0.2774159908294678,-0.10769544541835785,0.9992358684539795
21,RIGHT_EYE,0.4948331415653229,0.2775062620639801,-0.10784260928630829,0.9991146326065063
21,RIGHT_EYE_OUTER,0.49226969480514526,0.2776460647583008,-0.10786813497543335,0.9994485378265381
21,LEFT_EAR,0.5080400109291077,0.28557780385017395,-0.02134287916123867,0.9986618161201477
21,RIGHT_EAR,0.4866512715816498,0.28155532479286194,-0.030024239793419838,0.9975629448890686
21,MOUTH_LEFT,0.5023137927055359,0.2992907762527466,-0.09176277369260788,0.9980354309082031
21,MOUTH_RIGHT,0.49576157331466675,0.29807716608047485,-0.0957488939166069,0.9980471134185791
21,LEFT_SHOULDER,0.5243270993232727,0.3436344861984253,-0.009084142744541168,0.9992128610610962
21,RIGHT_SHOULDER,0.4681563377380371,0.3353065848350525,-0.014625807292759418,0.9986388683319092
21,LEFT_ELBOW,0.5555663108825684,0.2979580760002136,-0.13876205682754517,0.8974046111106873
21,RIGHT_ELBOW,0.4420148730278015,0.27696043252944946,-0.1589837372303009,0.8627955317497253
21,LEFT_WRIST,0.5378295183181763,0.22114096581935883,-0.2770054042339325,0.8706783652305603
21,RIGHT_WRIST,0.4603283405303955,0.19471441209316254,-0.30180925130844116,0.9005746841430664
21,LEFT_PINKY,0.5314210057258606,0.2037649005651474,-0.313930869102478,0.7995105385780334
21,RIGHT_PINKY,0.46354159712791443,0.1718956083059311,-0.34245508909225464,0.8418136835098267
21,LEFT_INDEX,0.5248686075210571,0.20067386329174042,-0.30668455362319946,0.7907585501670837
21,RIGHT_INDEX,0.469169944524765,0.17404493689537048,-0.33178070187568665,0.830649733543396
21,LEFT_THUMB,0.5269427299499512,0.21165792644023895,-0.278734415769577,0.7390264868736267
21,RIGHT_THUMB,0.4696879982948303,0.18692944943904877,-0.3042699098587036,0.7954954504966736
21,LEFT_HIP,0.507323145866394,0.5272039771080017,0.006052838638424873,0.999901533126831
21,RIGHT_HIP,0.4726293683052063,0.5266023278236389,-0.006226996425539255,0.9998984932899475
21,LEFT_KNEE,0.5091501474380493,0.675944447517395,-0.005540692713111639,0.5878233909606934
21,RIGHT_KNEE,0.4703759253025055,0.6696004867553711,-0.025317078456282616,0.6043449640274048
21,LEFT_ANKLE,0.5096415281295776,0.8013922572135925,0.11227283626794815,0.6979628801345825
21,RIGHT_ANKLE,0.46751195192337036,0.7940244674682617,0.08762682974338531,0.7112888097763062
21,LEFT_HEEL,0.5069723725318909,0.8117592930793762,0.11677030473947525,0.4126685857772827
21,RIGHT_HEEL,0.4695948660373688,0.8050379157066345,0.09348219633102417,0.39482995867729187
21,LEFT_FOOT_INDEX,0.5170694589614868,0.8493311405181885,-0.0075231874361634254,0.7251561284065247
21,RIGHT_FOOT_INDEX,0.46178165078163147,0.8354976177215576,-0.020494572818279266,0.6753605008125305
22,NOSE,0.4994674623012543,0.3074163794517517,-0.1325681060552597,0.9995580911636353
22,LEFT_EYE_INNER,0.5026177167892456,0.3002220690250397,-0.11479409784078598,0.998978316783905
22,LEFT_EYE,0.5046769380569458,0.30117127299308777,-0.1149754524230957,0.9985097646713257
22,LEFT_EYE_OUTER,0.506590723991394,0.30194810032844543,-0.11491841077804565,0.9991799592971802
22,RIGHT_EYE_INNER,0.49707889556884766,0.2986012101173401,-0.11669836193323135,0.9993030428886414
22,RIGHT_EYE,0.4948485791683197,0.29839587211608887,-0.11683933436870575,0.9991933703422546
22,RIGHT_EYE_OUTER,0.4924442768096924,0.29826000332832336,-0.11686483770608902,0.999495267868042
22,LEFT_EAR,0.5077192783355713,0.30718645453453064,-0.03214346617460251,0.9987799525260925
22,RIGHT_EAR,0.48737746477127075,0.3026523292064667,-0.04114899784326553,0.9977763295173645
22,MOUTH_LEFT,0.5020480751991272,0.32132741808891296,-0.10183902084827423,0.9982085824012756
22,MOUTH_RIGHT,0.49543172121047974,0.31922581791877747,-0.10588020086288452,0.998217761516571
22,LEFT_SHOULDER,0.5240100026130676,0.3689344525337219,-0.02561243250966072,0.9992640018463135
22,RIGHT_SHOULDER,0.46809276938438416,0.35826411843299866,-0.032572027295827866,0.9987140893936157
22,LEFT_ELBOW,0.5549215078353882,0.33721330761909485,-0.17827478051185608,0.9034820199012756
22,RIGHT_ELBOW,0.4421335756778717,0.3060451149940491,-0.20148301124572754,0.8672050833702087
22,LEFT_WRIST,0.5403327345848083,0.26367801427841187,-0.34137657284736633,0.880408525466919
22,RIGHT_WRIST,0.45651230216026306,0.22877968847751617,-0.37255144119262695,0.9076024889945984
22,LEFT_PINKY,0.5361644625663757,0.24581192433834076,-0.3820618987083435,0.8139124512672424
22,RIGHT_PINKY,0.45829859375953674,0.211532324552536,-0.41909414529800415,0.8526069521903992
22,LEFT_INDEX,0.5308026075363159,0.2403922975063324,-0.3765391409397125,0.8058844208717346
22,RIGHT_INDEX,0.46517127752304077,0.2074969857931137,-0.40852394700050354,0.8420746922492981
22,LEFT_THUMB,0.5312322974205017,0.24920839071273804,-0.34456494450569153,0.75682133436203
22,RIGHT_THUMB,0.4664611220359802,0.217414990067482,-0.3762519955635071,0.8079931735992432
22,LEFT_HIP,0.5073568820953369,0.543737530708313,0.006317601539194584,0.9999052286148071
22,RIGHT_HIP,0.4730512499809265,0.5414547920227051,-0.006483425851911306,0.9999022483825684
22,LEFT_KNEE,0.5089685916900635,0.6876114010810852,0.007235043682157993,0.6052144169807434
22,RIGHT_KNEE,0.4693043828010559,0.6835862994194031,-0.026037370786070824,0.6198365092277527
22,LEFT_ANKLE,0.5092922449111938,0.8072904944419861,0.1421487033367157,0.7178946733474731
22,RIGHT_ANKLE,0.46698421239852905,0.8027060627937317,0.08961328864097595,0.7322580218315125
22,LEFT_HEEL,0.5060664415359497,0.8184492588043213,0.14837181568145752,0.42886391282081604
22,RIGHT_HEEL,0.46968919038772583,0.8127977252006531,0.09576553106307983,0.41441577672958374
22,LEFT_FOOT_INDEX,0.5152133703231812,0.8477397561073303,0.029156867414712906,0.7453031539916992
22,RIGHT_FOOT_INDEX,0.46172818541526794,0.8425655961036682,-0.02047506533563137,0.6989201307296753
23,NOSE,0.49942880868911743,0.33272606134414673,-0.13881680369377136,0.9991716146469116
23,LEFT_EYE_INNER,0.5028175115585327,0.32412928342819214,-0.12226615846157074,0.998416543006897
23,LEFT_EYE,0.5049691796302795,0.3249897062778473,-0.12246408313512802,0.9977551102638245
23,LEFT_EYE_OUTER,0.5069750547409058,0.32571256160736084,-0.12241057306528091,0.9985948801040649
23,RIGHT_EYE_INNER,0.49719637632369995,0.3228764832019806,-0.12179871648550034,0.9988164305686951
23,RIGHT_EYE,0.49504533410072327,0.3226478695869446,-0.12197859585285187,0.9986883997917175
23,RIGHT_EYE_OUTER,0.49278950691223145,0.3223915994167328,-0.12204179912805557,0.9990798234939575
23,LEFT_EAR,0.5083604454994202,0.33142581582069397,-0.04352831840515137,0.9981658458709717
23,RIGHT_EAR,0.48822417855262756,0.3273376226425171,-0.041862934827804565,0.9966523051261902
23,MOUTH_LEFT,0.5020687580108643,0.3448307514190674,-0.10961361229419708,0.9959716200828552
23,MOUTH_RIGHT,0.49537330865859985,0.3435782790184021,-0.11050587892532349,0.9961943626403809
23,LEFT_SHOULDER,0.5238338708877563,0.3909013867378235,-0.053605396300554276,0.9989974498748779
23,RIGHT_SHOULDER,0.4691452383995056,0.38543570041656494,-0.04304605722427368,0.9984346032142639
23,LEFT_ELBOW,0.5292508006095886,0.3869921863079071,-0.24137833714485168,0.8795470595359802
23,RIGHT_ELBOW,0.4434237480163574,0.3584507703781128,-0.23430104553699493,0.8526250123977661
23,LEFT_WRIST,0.5022756457328796,0.37463462352752686,-0.3991129696369171,0.8133149743080139
23,RIGHT_WRIST,0.48900896310806274,0.3665144145488739,-0.40833187103271484,0.8521002531051636
23,LEFT_PINKY,0.4959995746612549,0.3800922930240631,-0.4427505433559418,0.7483551502227783
23,RIGHT_PINKY,0.49787965416908264,0.3684104382991791,-0.45526450872421265,0.791263222694397
23,LEFT_INDEX,0.4922091066837311,0.3816138803958893,-0.4319479465484619,0.7397618293762207
23,RIGHT_INDEX,0.5014252066612244,0.3694533109664917,-0.43883758783340454,0.7789754867553711
23,LEFT_THUMB,0.494384765625,0.3833680748939514,-0.40006357431411743,0.6918115019798279
23,RIGHT_THUMB,0.4967110753059387,0.36986884474754333,-0.40878263115882874,0.7409150004386902
23,LEFT_HIP,0.5073620676994324,0.5636531114578247,0.004312376491725445,0.9999058246612549
23,RIGHT_HIP,0.47308826446533203,0.5652408003807068,-0.00447719544172287,0.9999046921730042
23,LEFT_KNEE,0.5088761448860168,0.6986761093139648,0.018689773976802826,0.608424723148346
23,RIGHT_KNEE,0.46801429986953735,0.6976789832115173,-0.017481166869401932,0.6282690167427063
23,LEFT_ANKLE,0.5077580213546753,0.8080400824546814,0.15182200074195862,0.7287936806678772
23,RIGHT_ANKLE,0.46705397963523865,0.8094651103019714,0.09040337055921555,0.7461506724357605
23,LEFT_HEEL,0.5034452080726624,0.8213167190551758,0.1582450121641159,0.42448076605796814
23,RIGHT_HEEL,0.4700644016265869,0.8223698139190674,0.09629378467798233,0.4128815829753876
23,LEFT_FOOT_INDEX,0.514095664024353,0.8473590612411499,0.05375280976295471,0.7516487836837769
23,RIGHT_FOOT_INDEX,0.4605238437652588,0.8460304141044617,-0.011091096326708794,0.7109982371330261
24,NOSE,0.5005258321762085,0.354801744222641,-0.1819784939289093,0.9991140365600586
24,LEFT_EYE_INNER,0.5035848617553711,0.3453231751918793,-0.16546213626861572,0.9983443021774292
24,LEFT_EYE,0.5058390498161316,0.34600725769996643,-0.1656673550605774,0.997661292552948
24,LEFT_EYE_OUTER,0.5077947378158569,0.3465314507484436,-0.16561287641525269,0.9984996318817139
24,RIGHT_EYE_INNER,0.4978279173374176,0.34385666251182556,-0.16609294712543488,0.9987500905990601
24,RIGHT_EYE,0.4955717623233795,0.3434968590736389,-0.1662810742855072,0.9986286759376526
24,RIGHT_EYE_OUTER,0.4932636320590973,0.3434014916419983,-0.1663534939289093,0.99901282787323
24,LEFT_EAR,0.5090327858924866,0.35231998562812805,-0.08084800094366074,0.9981287121772766
24,RIGHT_EAR,0.48858532309532166,0.3491358757019043,-0.08437454700469971,0.996516764163971
24,MOUTH_LEFT,0.502905011177063,0.36700156331062317,-0.1500197798013687,0.9957118630409241
24,MOUTH_RIGHT,0.4964695870876312,0.3662816882133484,-0.15236297249794006,0.9959542155265808
24,LEFT_SHOULDER,0.5240048766136169,0.4144325256347656,-0.07496459782123566,0.9989063143730164
24,RIGHT_SHOULDER,0.468982458114624,0.40858587622642517,-0.07475236058235168,0.9983221292495728
24,LEFT_ELBOW,0.5337020754814148,0.40951836109161377,-0.2391493320465088,0.8713646531105042
24,RIGHT_ELBOW,0.44192761182785034,0.3814023733139038,-0.26120203733444214,0.8488411903381348
24,LEFT_WRIST,0.5062981843948364,0.4009591341018677,-0.3826116621494293,0.7587586641311646
24,RIGHT_WRIST,0.4834769368171692,0.3911900520324707,-0.43365511298179626,0.8063356876373291
24,LEFT_PINKY,0.4999217092990875,0.4003150463104248,-0.42367425560951233,0.6910726428031921
24,RIGHT_PINKY,0.4928762912750244,0.3930177092552185,-0.48082560300827026,0.7368091344833374
24,LEFT_INDEX,0.49567145109176636,0.401425838470459,-0.41318392753601074,0.6813576221466064
24,RIGHT_INDEX,0.49936652183532715,0.3946385383605957,-0.4639662802219391,0.722252368927002
24,LEFT_THUMB,0.49812522530555725,0.4039078950881958,-0.3832370638847351,0.6341295838356018
24,RIGHT_THUMB,0.49514588713645935,0.39604827761650085,-0.4336630702018738,0.6800764203071594
24,LEFT_HIP,0.5072258710861206,0.584696352481842,0.0044061848893761635,0.9999104738235474
24,RIGHT_HIP,0.4729865491390228,0.5840235948562622,-0.004559182561933994,0.9999103546142578
24,LEFT_KNEE,0.5088583827018738,0.7072862982749939,0.04045936092734337,0.6346930861473083
24,RIGHT_KNEE,0.4676443934440613,0.7020037174224854,0.005377992056310177,0.6525511145591736
24,LEFT_ANKLE,0.5047754049301147,0.8091790676116943,0.1950075477361679,0.7502912282943726
24,RIGHT_ANKLE,0.4672667384147644,0.8111313581466675,0.12078360468149185,0.7678073048591614
24,LEFT_HEEL,0.4981969892978668,0.8248127698898315,0.20362193882465363,0.45095399022102356
24,RIGHT_HEEL,0.4728647768497467,0.8289993405342102,0.12692388892173767,0.43791496753692627
24,LEFT_FOOT_INDEX,0.5146281123161316,0.8466136455535889,0.1017288938164711,0.7692409157752991
24,RIGHT_FOOT_INDEX,0.45993590354919434,0.8457926511764526,0.01776544563472271,0.7333207726478577
25,NOSE,0.5003636479377747,0.36748313903808594,-0.19421498477458954,0.9990548491477966
25,LEFT_EYE_INNER,0.503609299659729,0.3580116629600525,-0.17819851636886597,0.9982755780220032
25,LEFT_EYE,0.5059577822685242,0.3585512936115265,-0.17841044068336487,0.9975928664207458
25,LEFT_EYE_OUTER,0.5080282688140869,0.3590329885482788,-0.17836275696754456,0.9984330534934998
25,RIGHT_EYE_INNER,0.49768123030662537,0.35714924335479736,-0.177870512008667,0.9986764192581177
25,RIGHT_EYE,0.4955677390098572,0.35709479451179504,-0.1780514121055603,0.9985657334327698
25,RIGHT_EYE_OUTER,0.49342942237854004,0.3571425974369049,-0.17813217639923096,0.9989316463470459
25,LEFT_EAR,0.5099304914474487,0.36520856618881226,-0.09232772886753082,0.9981117248535156
25,RIGHT_EAR,0.48986512422561646,0.36132243275642395,-0.09115187078714371,0.9962871670722961
25,MOUTH_LEFT,0.5032237768173218,0.3794347941875458,-0.16164721548557281,0.9957796931266785
25,MOUTH_RIGHT,0.4963563084602356,0.37927016615867615,-0.16257131099700928,0.9959641098976135
25,LEFT_SHOULDER,0.5258678793907166,0.4324897825717926,-0.07777321338653564,0.9989331364631653
25,RIGHT_SHOULDER,0.46934574842453003,0.42345571517944336,-0.07015306502580643,0.9983019828796387
25,LEFT_ELBOW,0.5361066460609436,0.44828033447265625,-0.2356874644756317,0.8588101863861084
25,RIGHT_ELBOW,0.44260984659194946,0.42371007800102234,-0.2409072369337082,0.8285308480262756
25,LEFT_WRIST,0.5084835290908813,0.44588911533355713,-0.41263383626937866,0.7217347621917725
25,RIGHT_WRIST,0.47491875290870667,0.430756151676178,-0.43778929114341736,0.7639774680137634
25,LEFT_PINKY,0.5078157186508179,0.44670483469963074,-0.45942598581314087,0.6542670726776123
25,RIGHT_PINKY,0.4785441756248474,0.43182024359703064,-0.48849302530288696,0.6941857933998108
25,LEFT_INDEX,0.5019148588180542,0.44159775972366333,-0.4554321765899658,0.6441926956176758
25,RIGHT_INDEX,0.4867914617061615,0.42974504828453064,-0.4807400107383728,0.6787389516830444
25,LEFT_THUMB,0.5031875371932983,0.4428709149360657,-0.4166511595249176,0.5918223261833191
25,RIGHT_THUMB,0.4840080738067627,0.43081995844841003,-0.4421593248844147,0.6288959980010986
25,LEFT_HIP,0.5076953768730164,0.5879237055778503,0.0032693438697606325,0.9999163150787354
25,RIGHT_HIP,0.4738336503505707,0.5868638753890991,-0.003394321771338582,0.9999161958694458
25,LEFT_KNEE,0.5088470578193665,0.7087404727935791,0.02260885387659073,0.6604912281036377
25,RIGHT_KNEE,0.46761322021484375,0.704643189907074,-0.003648845013231039,0.6747234463691711
25,LEFT_ANKLE,0.5035941004753113,0.8100557327270508,0.16902101039886475,0.7715342044830322
25,RIGHT_ANKLE,0.4685087203979492,0.8103435039520264,0.11509524285793304,0.7884145379066467
25,LEFT_HEEL,0.49694380164146423,0.8243750929832458,0.1772880107164383,0.4812757670879364
25,RIGHT_HEEL,0.4760541319847107,0.8263949751853943,0.12139563262462616,0.469024658203125
25,LEFT_FOOT_INDEX,0.515308141708374,0.8463358283042908,0.07208017259836197,0.7872419357299805
25,RIGHT_FOOT_INDEX,0.4590694010257721,0.8437552452087402,0.011241979897022247,0.7551483511924744
26,NOSE,0.5002344846725464,0.36771583557128906,-0.15754999220371246,0.9989040493965149
26,LEFT_EYE_INNER,0.503588080406189,0.3605923056602478,-0.14071466028690338,0.9981192946434021
26,LEFT_EYE,0.5059598088264465,0.3616914451122284,-0.1409076601266861,0.9974237084388733
26,LEFT_EYE_OUTER,0.5082106590270996,0.3628484606742859,-0.1408608853816986,0.9983422756195068
26,RIGHT_EYE_INNER,0.49757665395736694,0.3589153289794922,-0.14110340178012848,0.9984796047210693
26,RIGHT_EYE,0.49553242325782776,0.35920044779777527,-0.14127536118030548,0.998349130153656
26,RIGHT_EYE_OUTER,0.49332523345947266,0.35954537987709045,-0.14134018123149872,0.9986952543258667
26,LEFT_EAR,0.5111536979675293,0.36900898814201355,-0.0583316907286644,0.998099684715271
26,RIGHT_EAR,0.49009591341018677,0.3656437397003174,-0.061198245733976364,0.9955227375030518
26,MOUTH_LEFT,0.5035399198532104,0.3804618716239929,-0.12644526362419128,0.9959602952003479
26,MOUTH_RIGHT,0.49626103043556213,0.379374623298645,-0.12827877700328827,0.9959967732429504
26,LEFT_SHOULDER,0.5259329676628113,0.43896493315696716,-0.056677281856536865,0.9990174770355225
26,RIGHT_SHOULDER,0.46926459670066833,0.4302768409252167,-0.04712209105491638,0.9982821345329285
26,LEFT_ELBOW,0.5358060598373413,0.48698845505714417,-0.1799628734588623,0.8499737977981567
26,RIGHT_ELBOW,0.45451459288597107,0.462537944316864,-0.2055971920490265,0.7893369793891907
26,LEFT_WRIST,0.5245097875595093,0.5079103112220764,-0.35483530163764954,0.7148419618606567
26,RIGHT_WRIST,0.47741541266441345,0.46902987360954285,-0.39812809228897095,0.7052486538887024
26,LEFT_PINKY,0.5226398706436157,0.5121691226959229,-0.3997756838798523,0.6547107696533203
26,RIGHT_PINKY,0.48105278611183167,0.4715994894504547,-0.44778913259506226,0.6425802707672119
26,LEFT_INDEX,0.5197352766990662,0.5056894421577454,-0.40357357263565063,0.6455448865890503
26,RIGHT_INDEX,0.4870801568031311,0.4665399193763733,-0.44349342584609985,0.6270924210548401
26,LEFT_THUMB,0.5200851559638977,0.5029898881912231,-0.3615339398384094,0.5824376344680786
26,RIGHT_THUMB,0.48548728227615356,0.46593597531318665,-0.4033675789833069,0.5751057863235474
26,LEFT_HIP,0.5081015825271606,0.5931748151779175,0.003630375489592552,0.9999229907989502
26,RIGHT_HIP,0.47438153624534607,0.5915284752845764,-0.0037401809822767973,0.9999216198921204
26,LEFT_KNEE,0.5091351270675659,0.7105036973953247,-0.0006563037750311196,0.6866855025291443
26,RIGHT_KNEE,0.467628538608551,0.7087233066558838,-0.005668281577527523,0.6905069947242737
26,LEFT_ANKLE,0.5032564997673035,0.8105563521385193,0.1392921358346939,0.791865885257721
26,RIGHT_ANKLE,0.46932703256607056,0.80987149477005,0.1074790507555008,0.806330144405365
26,LEFT_HEEL,0.4963991641998291,0.8237861394882202,0.14693863689899445,0.5140762329101562
26,RIGHT_HEEL,0.47709566354751587,0.8256344199180603,0.11385595798492432,0.4965640902519226
26,LEFT_FOOT_INDEX,0.5156619548797607,0.8458735942840576,0.05294222757220268,0.8042421936988831
26,RIGHT_FOOT_INDEX,0.45880764722824097,0.8431583642959595,0.013001305982470512,0.7729384303092957
27,NOSE,0.5011901259422302,0.36568599939346313,-0.18945804238319397,0.9988160729408264
27,LEFT_EYE_INNER,0.5039856433868408,0.3575180172920227,-0.17322291433811188,0.9979170560836792
27,LEFT_EYE,0.5065712928771973,0.35854020714759827,-0.17341545224189758,0.9971670508384705
27,LEFT_EYE_OUTER,0.5088080167770386,0.35950472950935364,-0.17338046431541443,0.9981760382652283
27,RIGHT_EYE_INNER,0.4978565275669098,0.3563477098941803,-0.17541274428367615,0.9983541369438171
27,RIGHT_EYE,0.49592867493629456,0.3565973937511444,-0.17559383809566498,0.9982490539550781
27,RIGHT_EYE_OUTER,0.4937478005886078,0.3570875823497772,-0.17571036517620087,0.9986271262168884
27,LEFT_EAR,0.5116742849349976,0.3668840229511261,-0.08421523869037628,0.9979415535926819
27,RIGHT_EAR,0.49038758873939514,0.36419761180877686,-0.0937805101275444,0.9951995611190796
27,MOUTH_LEFT,0.5047942996025085,0.37786242365837097,-0.15529009699821472,0.9961826801300049
27,MOUTH_RIGHT,0.49706798791885376,0.37728771567344666,-0.15919065475463867,0.9962083697319031
27,LEFT_SHOULDER,0.5262840390205383,0.4405366778373718,-0.043385349214076996,0.9990770816802979
27,RIGHT_SHOULDER,0.4691871702671051,0.4350248873233795,-0.05258537456393242,0.998390793800354
27,LEFT_ELBOW,0.5364443063735962,0.5045690536499023,-0.08925633132457733,0.7958338856697083
27,RIGHT_ELBOW,0.436159610748291,0.4805191159248352,-0.14772479236125946,0.7693122029304504
27,LEFT_WRIST,0.5266705751419067,0.5276647210121155,-0.2427249699831009,0.6612020134925842
27,RIGHT_WRIST,0.45340633392333984,0.4673640727996826,-0.30887776613235474,0.6788052320480347
27,LEFT_PINKY,0.5246171951293945,0.5378018617630005,-0.2796727418899536,0.6144201755523682
27,RIGHT_PINKY,0.46103519201278687,0.4660142660140991,-0.3526915907859802,0.6230732798576355
27,LEFT_INDEX,0.5216597318649292,0.5262727737426758,-0.29201579093933105,0.6075552105903625
27,RIGHT_INDEX,0.4636508822441101,0.4575693905353546,-0.3561619818210602,0.6082072854042053
27,LEFT_THUMB,0.5217809081077576,0.522332489490509,-0.25133588910102844,0.5422398447990417
27,RIGHT_THUMB,0.4632466733455658,0.4583906829357147,-0.3148551881313324,0.5471670627593994
27,LEFT_HIP,0.5091900825500488,0.5981422066688538,0.004120767582207918,0.9999295473098755
27,RIGHT_HIP,0.4751971662044525,0.5958102941513062,-0.004215254448354244,0.99992835521698
27,LEFT_KNEE,0.5107423067092896,0.712669312953949,0.008796853944659233,0.7126385569572449
27,RIGHT_KNEE,0.4676602780818939,0.7096125483512878,-0.008090062998235226,0.714557945728302
27,LEFT_ANKLE,0.5033773183822632,0.8100870847702026,0.16568641364574432,0.8113476037979126
27,RIGHT_ANKLE,0.4699406623840332,0.8101977705955505,0.12038078159093857,0.8246563076972961
27,LEFT_HEEL,0.4966006278991699,0.8230826258659363,0.1754349172115326,0.5518196821212769
27,RIGHT_HEEL,0.4772946834564209,0.8252890706062317,0.12891221046447754,0.5356930494308472
27,LEFT_FOOT_INDEX,0.5166707634925842,0.8450555801391602,0.08590245991945267,0.8215999603271484
27,RIGHT_FOOT_INDEX,0.4586597979068756,0.8425498008728027,0.03661471977829933,0.793301522731781
28,NOSE,0.5012377500534058,0.3638228476047516,-0.22824080288410187,0.9988481998443604
28,LEFT_EYE_INNER,0.5040364265441895,0.35603412985801697,-0.21649138629436493,0.9979644417762756
28,LEFT_EYE,0.5065745115280151,0.3567858040332794,-0.21670174598693848,0.9972529411315918
28,LEFT_EYE_OUTER,0.5088815689086914,0.35743439197540283,-0.2166740596294403,0.998237133026123
28,RIGHT_EYE_INNER,0.4980342984199524,0.3552885949611664,-0.2159615308046341,0.9984092712402344
28,RIGHT_EYE,0.496182382106781,0.35567280650138855,-0.21618318557739258,0.9983197450637817
28,RIGHT_EYE_OUTER,0.49412474036216736,0.35616952180862427,-0.21633753180503845,0.998695433139801
28,LEFT_EAR,0.5122350454330444,0.3645651936531067,-0.13815906643867493,0.998024046421051
28,RIGHT_EAR,0.4909346103668213,0.3638755679130554,-0.13525071740150452,0.9953774213790894
28,MOUTH_LEFT,0.5050344467163086,0.3761659860610962,-0.19637471437454224,0.9964659810066223
28,MOUTH_RIGHT,0.4975056052207947,0.37583786249160767,-0.1967664659023285,0.9964886903762817
28,LEFT_SHOULDER,0.528964638710022,0.44405144453048706,-0.07006044685840607,0.9991439580917358
28,RIGHT_SHOULDER,0.4692082405090332,0.43465501070022583,-0.06404419988393784,0.9985141754150391
28,LEFT_ELBOW,0.5371515154838562,0.5177991390228271,-0.04116819053888321,0.7455589175224304
28,RIGHT_ELBOW,0.4387226998806,0.4952663481235504,-0.04588928073644638,0.7338786721229553
28,LEFT_WRIST,0.5239387154579163,0.5414367318153381,-0.08659110963344574,0.6027556657791138
28,RIGHT_WRIST,0.44934502243995667,0.5007822513580322,-0.09251222014427185,0.6274610757827759
28,LEFT_PINKY,0.5203642249107361,0.5622693300247192,-0.1032753586769104,0.5615962743759155
28,RIGHT_PINKY,0.45649585127830505,0.5032095313072205,-0.11280186474323273,0.5763821601867676
28,LEFT_INDEX,0.5214970707893372,0.5521169304847717,-0.11672643572092056,0.5556376576423645
28,RIGHT_INDEX,0.4584465026855469,0.49368950724601746,-0.12068863213062286,0.5629481673240662
28,LEFT_THUMB,0.5214707255363464,0.5462712049484253,-0.09204231947660446,0.4943637251853943
28,RIGHT_THUMB,0.4579922556877136,0.4914507269859314,-0.09703736007213593,0.5040012001991272
28,LEFT_HIP,0.5098116397857666,0.5987638831138611,0.0002222763141617179,0.9999358654022217
28,RIGHT_HIP,0.4760672450065613,0.5957861542701721,-0.00028405507327988744,0.9999348521232605
28,LEFT_KNEE,0.5126106142997742,0.710308849811554,0.005829139146953821,0.7381536960601807
28,RIGHT_KNEE,0.4680353105068207,0.709818422794342,0.011335830204188824,0.7381409406661987
28,LEFT_ANKLE,0.5034050345420837,0.8097018599510193,0.15792065858840942,0.829088032245636
28,RIGHT_ANKLE,0.4705631136894226,0.8120089173316956,0.13922783732414246,0.8413925766944885
28,LEFT_HEEL,0.49702009558677673,0.8232381343841553,0.17167046666145325,0.5857487320899963
28,RIGHT_HEEL,0.478210985660553,0.8266258835792542,0.14780458807945251,0.5726296305656433
28,LEFT_FOOT_INDEX,0.5167726278305054,0.8440480828285217,0.07080848515033722,0.8376071453094482
28,RIGHT_FOOT_INDEX,0.4575088918209076,0.8423452377319336,0.05933929607272148,0.8122428059577942
29,NOSE,0.5014363527297974,0.3588844835758209,-0.2230752408504486,0.998934805393219
29,LEFT_EYE_INNER,0.5044862031936646,0.3520052433013916,-0.20989270508289337,0.9981115460395813
29,LEFT_EYE,0.5070855021476746,0.3527061343193054,-0.21009938418865204,0.9974586963653564
29,LEFT_EYE_OUTER,0.5094403028488159,0.35333681106567383,-0.21008241176605225,0.9983726143836975
29,RIGHT_EYE_INNER,0.49821358919143677,0.3511817753314972,-0.21123142540454865,0.9985244274139404
29,RIGHT_EYE,0.4962840676307678,0.35158103704452515,-0.2114305943250656,0.9984447360038757
29,RIGHT_EYE_OUTER,0.49418026208877563,0.3520277738571167,-0.21155914664268494,0.9987937211990356
29,LEFT_EAR,0.5128766894340515,0.35981500148773193,-0.1260955035686493,0.9981781244277954
29,RIGHT_EAR,0.49104413390159607,0.3583947420120239,-0.13164161145687103,0.9956662654876709
29,MOUTH_LEFT,0.5054954290390015,0.37203797698020935,-0.18946264684200287,0.9967833757400513
29,MOUTH_RIGHT,0.49770790338516235,0.3711051046848297,-0.1922655701637268,0.9967939257621765
29,LEFT_SHOULDER,0.5283634662628174,0.43395474553108215,-0.05875537544488907,0.9992238283157349
29,RIGHT_SHOULDER,0.4695069193840027,0.42940813302993774,-0.07071010768413544,0.9986353516578674
29,LEFT_ELBOW,0.5379883050918579,0.5044188499450684,-0.03513547033071518,0.7376293540000916
29,RIGHT_ELBOW,0.45106250047683716,0.49992552399635315,-0.07366222143173218,0.6958908438682556
29,LEFT_WRIST,0.5296093225479126,0.5423988103866577,-0.1132781133055687,0.5685036778450012
29,RIGHT_WRIST,0.4755534529685974,0.5305300951004028,-0.14325670897960663,0.5702720880508423
29,LEFT_PINKY,0.5233967304229736,0.5691301822662354,-0.13668633997440338,0.5304984450340271
29,RIGHT_PINKY,0.48398295044898987,0.5432700514793396,-0.16999967396259308,0.5241762399673462
29,LEFT_INDEX,0.522382378578186,0.5611038208007812,-0.15104109048843384,0.5258027911186218
29,RIGHT_INDEX,0.48566851019859314,0.5326982140541077,-0.17688556015491486,0.5118785500526428
29,LEFT_THUMB,0.5218385457992554,0.5484451055526733,-0.12007448822259903,0.46461886167526245
29,RIGHT_THUMB,0.4830949306488037,0.5261245965957642,-0.14779624342918396,0.4575710892677307
29,LEFT_HIP,0.5114306211471558,0.5954719185829163,0.0013726430479437113,0.9999420046806335
29,RIGHT_HIP,0.4773264527320862,0.5932899117469788,-0.0014172687660902739,0.9999409914016724
29,LEFT_KNEE,0.5133043527603149,0.7096930146217346,0.023436356335878372,0.7621710300445557
29,RIGHT_KNEE,0.47109436988830566,0.7077324986457825,0.019967306405305862,0.7601202130317688
29,LEFT_ANKLE,0.5035086274147034,0.80995112657547,0.17442810535430908,0.8453311920166016
29,RIGHT_ANKLE,0.4714277684688568,0.812346339225769,0.14384803175926208,0.8566043376922607
29,LEFT_HEEL,0.4973200857639313,0.824062705039978,0.1843768209218979,0.6186712980270386
29,RIGHT_HEEL,0.4793298840522766,0.8272500038146973,0.15176168084144592,0.6064468622207642
29,LEFT_FOOT_INDEX,0.5168497562408447,0.8438493609428406,0.09312755614519119,0.852385401725769
29,RIGHT_FOOT_INDEX,0.45742669701576233,0.8419865369796753,0.05945119261741638,0.8295139074325562
30,NOSE,0.5028220415115356,0.35404354333877563,-0.2333165407180786,0.9990402460098267
30,LEFT_EYE_INNER,0.505535364151001,0.34671398997306824,-0.22018858790397644,0.9982977509498596
30,LEFT_EYE,0.5082169771194458,0.3475639224052429,-0.2203989028930664,0.9977092742919922
30,LEFT_EYE_OUTER,0.5103421211242676,0.34831926226615906,-0.2203776091337204,0.998532772064209
30,RIGHT_EYE_INNER,0.4992859363555908,0.34576478600502014,-0.22203215956687927,0.9986706376075745
30,RIGHT_EYE,0.4973145127296448,0.34615975618362427,-0.2222166806459427,0.9985990524291992
30,RIGHT_EYE_OUTER,0.4951784014701843,0.34673595428466797,-0.22231170535087585,0.9989134669303894
30,LEFT_EAR,0.5134466290473938,0.35487106442451477,-0.13933801651000977,0.9983574151992798
30,RIGHT_EAR,0.491388738155365,0.3534279465675354,-0.1468786895275116,0.9960958361625671
30,MOUTH_LEFT,0.5065599679946899,0.3670123517513275,-0.201398566365242,0.9971039891242981
30,MOUTH_RIGHT,0.49909791350364685,0.3662901520729065,-0.20474255084991455,0.9971136450767517
30,LEFT_SHOULDER,0.5284584760665894,0.4312020242214203,-0.0813952088356018,0.999300479888916
30,RIGHT_SHOULDER,0.4699460566043854,0.4239561855792999,-0.088335782289505,0.9987708926200867
30,LEFT_ELBOW,0.5381465554237366,0.5117431879043579,-0.07417768239974976,0.7599101066589355
30,RIGHT_ELBOW,0.4568011164665222,0.5018082857131958,-0.09518583118915558,0.7244533896446228
30,LEFT_WRIST,0.5374796986579895,0.571471631526947,-0.1724541336297989,0.6065922379493713
30,RIGHT_WRIST,0.45547550916671753,0.5649386048316956,-0.18658888339996338,0.6125631928443909
30,LEFT_PINKY,0.539020299911499,0.5949707627296448,-0.1997353881597519,0.5706581473350525
30,RIGHT_PINKY,0.4517262876033783,0.5843296051025391,-0.2165328711271286,0.5706055164337158
30,LEFT_INDEX,0.5343334674835205,0.5896263122558594,-0.21963012218475342,0.5670613050460815
30,RIGHT_INDEX,0.45672470331192017,0.58411705493927,-0.23498888313770294,0.5596431493759155
30,LEFT_THUMB,0.5319125056266785,0.5806723833084106,-0.18244919180870056,0.5092302560806274
30,RIGHT_THUMB,0.46050864458084106,0.5773866176605225,-0.19679397344589233,0.5100875496864319
30,LEFT_HIP,0.5129903554916382,0.5929404497146606,0.0006415093084797263,0.9999474883079529
30,RIGHT_HIP,0.4786599576473236,0.5919440388679504,-0.000744081917218864,0.9999465942382812
30,LEFT_KNEE,0.5139471888542175,0.7092075347900391,0.02121014893054962,0.7851332426071167
30,RIGHT_KNEE,0.4726588726043701,0.7065989971160889,0.024882763624191284,0.7820888161659241
30,LEFT_ANKLE,0.5036329030990601,0.8103446960449219,0.16487303376197815,0.8602182269096375
30,RIGHT_ANKLE,0.4720047116279602,0.8144500851631165,0.13872209191322327,0.8705169558525085
30,LEFT_HEEL,0.49752187728881836,0.8248590230941772,0.17348888516426086,0.650710940361023
30,RIGHT_HEEL,0.4796144962310791,0.8287136554718018,0.1452995240688324,0.6402028203010559
30,LEFT_FOOT_INDEX,0.5169387459754944,0.8439096212387085,0.08638247102499008,0.8664566278457642
30,RIGHT_FOOT_INDEX,0.45713186264038086,0.8423728346824646,0.05854468420147896,0.8458817601203918
31,NOSE,0.5034530758857727,0.3525450825691223,-0.24051472544670105,0.9991353750228882
31,LEFT_EYE_INNER,0.5061176419258118,0.34443968534469604,-0.22767333686351776,0.9984660148620605
31,LEFT_EYE,0.5088635683059692,0.34530049562454224,-0.2278819978237152,0.9979358315467834
31,LEFT_EYE_OUTER,0.5109721422195435,0.3461245000362396,-0.22786056995391846,0.9986775517463684
31,RIGHT_EYE_INNER,0.4998334050178528,0.3433970510959625,-0.22958454489707947,0.9988024830818176
31,RIGHT_EYE,0.49785059690475464,0.34368130564689636,-0.22977998852729797,0.9987382292747498
31,RIGHT_EYE_OUTER,0.4956984519958496,0.34416455030441284,-0.22987687587738037,0.9990214109420776
31,LEFT_EAR,0.5142513513565063,0.35341084003448486,-0.14529171586036682,0.9985195994377136
31,RIGHT_EAR,0.49190014600753784,0.3503377139568329,-0.15353348851203918,0.996483325958252
31,MOUTH_LEFT,0.5071056485176086,0.36523085832595825,-0.20771951973438263,0.9973925948143005
31,MOUTH_RIGHT,0.4996500015258789,0.36435264348983765,-0.2112690955400467,0.9974014163017273
31,LEFT_SHOULDER,0.5289806127548218,0.4264534115791321,-0.083047054708004,0.9993696212768555
31,RIGHT_SHOULDER,0.47078537940979004,0.41912972927093506,-0.09343625605106354,0.9988929629325867
31,LEFT_ELBOW,0.5377010703086853,0.5073834657669067,-0.06372369825839996,0.7816095352172852
31,RIGHT_ELBOW,0.460305780172348,0.49927839636802673,-0.0914205014705658,0.7504040002822876
31,LEFT_WRIST,0.5379334688186646,0.5720024108886719,-0.14740438759326935,0.6438142657279968
31,RIGHT_WRIST,0.45089563727378845,0.5684740543365479,-0.1753484308719635,0.6507592797279358
31,LEFT_PINKY,0.5401816368103027,0.5938644409179688,-0.17084158957004547,0.6104124188423157
31,RIGHT_PINKY,0.44467535614967346,0.5902015566825867,-0.2031937837600708,0.612591028213501
31,LEFT_INDEX,0.5366915464401245,0.5911118984222412,-0.1948748081922531,0.6075929403305054
31,RIGHT_INDEX,0.44809284806251526,0.5918989181518555,-0.22533130645751953,0.6028388738632202
31,LEFT_THUMB,0.5340389013290405,0.5839169025421143,-0.15856310725212097,0.5543795228004456
31,RIGHT_THUMB,0.45202431082725525,0.5835896134376526,-0.18680685758590698,0.5577611327171326
31,LEFT_HIP,0.5140813589096069,0.5888951420783997,0.0010280481074005365,0.9999523162841797
31,RIGHT_HIP,0.47972455620765686,0.5873886942863464,-0.0011390155414119363,0.9999515414237976
31,LEFT_KNEE,0.5143346786499023,0.7074028253555298,0.03345797583460808,0.8060722947120667
31,RIGHT_KNEE,0.47330060601234436,0.7053888440132141,0.015426160767674446,0.8030678033828735
31,LEFT_ANKLE,0.5038073658943176,0.809330403804779,0.1765458881855011,0.8737410306930542
31,RIGHT_ANKLE,0.47192516922950745,0.815498948097229,0.13346058130264282,0.8831973075866699
31,LEFT_HEEL,0.49763908982276917,0.8238474726676941,0.1850060224533081,0.6806461215019226
31,RIGHT_HEEL,0.4795133173465729,0.8286459445953369,0.1439388543367386,0.6717069745063782
31,LEFT_FOOT_INDEX,0.5169067978858948,0.8436895608901978,0.10237175226211548,0.8792955279350281
31,RIGHT_FOOT_INDEX,0.4569338858127594,0.8435694575309753,0.04282711073756218,0.8608618974685669
