frame,landmark,x,y,z,visibility,annotation
0,NOSE,0.4917983114719391,0.2093366235494613,-0.3010268807411194,0.9995567202568054,Still
0,LEFT_EYE_INNER,0.4977142810821533,0.1941175609827041,-0.2809521555900574,0.9991534352302552,Still
0,LEFT_EYE,0.5014296770095825,0.19461190700531,-0.2812553346157074,0.9989641904830932,Still
0,LEFT_EYE_OUTER,0.5047869682312012,0.1950868815183639,-0.2812106311321258,0.9993492960929872,Still
0,RIGHT_EYE_INNER,0.4869325160980224,0.1942436248064041,-0.283778041601181,0.9993624091148376,Still
0,RIGHT_EYE,0.4831591248512268,0.1948831975460052,-0.2840555012226105,0.9993184804916382,Still
0,RIGHT_EYE_OUTER,0.4801692366600036,0.1954850107431411,-0.2841875553131103,0.9995418190956116,Still
0,LEFT_EAR,0.507127583026886,0.2038772106170654,-0.1644171476364135,0.9992613196372986,Still
0,RIGHT_EAR,0.4756921231746673,0.2036121636629104,-0.1775667816400528,0.9987351298332214,Still
0,MOUTH_LEFT,0.4982697963714599,0.2280744165182113,-0.2554337978363037,0.9989529252052308,Still
0,MOUTH_RIGHT,0.4865423738956451,0.2257334440946579,-0.2609858214855194,0.9989274740219116,Still
0,LEFT_SHOULDER,0.5351273417472839,0.3142028748989105,-0.0834637656807899,0.999871551990509,Still
0,RIGHT_SHOULDER,0.4469223022460937,0.3126391172409057,-0.1026035547256469,0.9996638298034668,Still
0,LEFT_ELBOW,0.5528548359870911,0.4330158531665802,-0.0442174561321735,0.9864204525947572,Still
0,RIGHT_ELBOW,0.4296923577785492,0.4333387911319732,-0.0988728478550911,0.979128360748291,Still
0,LEFT_WRIST,0.5585665702819824,0.5328084826469421,-0.1492140442132949,0.9839654564857484,Still
0,RIGHT_WRIST,0.4221239984035492,0.5397245287895203,-0.2165265381336212,0.980660915374756,Still
0,LEFT_PINKY,0.559423565864563,0.5650575160980225,-0.1796290874481201,0.9802682995796204,Still
0,RIGHT_PINKY,0.4188683927059173,0.5788549184799194,-0.2562448382377624,0.9755778908729552,Still
0,LEFT_INDEX,0.55329430103302,0.5651184320449829,-0.2133277207612991,0.9810847043991088,Still
0,RIGHT_INDEX,0.4242234826087951,0.5766882300376892,-0.2839352786540985,0.976228415966034,Still
0,LEFT_THUMB,0.5499986410140991,0.5544535517692566,-0.1639944612979889,0.9775094985961914,Still
0,RIGHT_THUMB,0.4282353520393371,0.5631198287010193,-0.2313228100538253,0.972214937210083,Still
0,LEFT_HIP,0.5155593156814575,0.5586605668067932,0.0123320864513516,0.9999822974205016,Still
0,RIGHT_HIP,0.4677875638008117,0.5559397339820862,-0.0125539423897862,0.9999804496765136,Still
0,LEFT_KNEE,0.5130627155303955,0.7271853089332581,0.0659900978207588,0.9872809648513794,Still
0,RIGHT_KNEE,0.4699880182743072,0.7228296995162964,0.0226395614445209,0.9843566417694092,Still
0,LEFT_ANKLE,0.5082401037216187,0.8606786727905273,0.2718572914600372,0.9925590753555298,Still
0,RIGHT_ANKLE,0.4665889739990234,0.8633065223693848,0.2011701613664627,0.9918906092643738,Still
0,LEFT_HEEL,0.5004791617393494,0.878709077835083,0.2850206196308136,0.9350183010101318,Still
0,RIGHT_HEEL,0.4725832045078277,0.8813387751579285,0.2118901461362838,0.9173413515090942,Still
0,LEFT_FOOT_INDEX,0.5259464979171753,0.9169163107872008,0.1679860949516296,0.9909347295761108,Still
0,RIGHT_FOOT_INDEX,0.4558466076850891,0.9222741723060608,0.0864422768354415,0.9880983233451844,Still
1,NOSE,0.4922316074371338,0.2093717008829116,-0.3135184943675995,0.9996008276939392,Still
1,LEFT_EYE_INNER,0.4984945356845855,0.1940949559211731,-0.2939185500144958,0.999237596988678,Still
1,LEFT_EYE,0.5018068552017212,0.19459168612957,-0.2942188382148742,0.9990671277046204,Still
1,LEFT_EYE_OUTER,0.505271852016449,0.1950734406709671,-0.2941695749759674,0.9994139075279236,Still
1,RIGHT_EYE_INNER,0.4872964322566986,0.1942354440689087,-0.2968306839466095,0.9994258284568788,Still
1,RIGHT_EYE,0.4835404753684997,0.1948353499174118,-0.2971058487892151,0.9993863105773926,Still
1,RIGHT_EYE_OUTER,0.4805475771427154,0.1954300105571746,-0.2972328066825866,0.99958735704422,Still
1,LEFT_EAR,0.5072851181030273,0.2038870006799698,-0.1773907989263534,0.9993346929550172,Still
1,RIGHT_EAR,0.4757663309574127,0.2034629583358764,-0.1907285451889038,0.9988605380058287,Still
1,MOUTH_LEFT,0.4986473023891449,0.2280772030353546,-0.2676207423210144,0.999057412147522,Still
1,MOUTH_RIGHT,0.4866646826267242,0.2257480472326278,-0.2732485234737396,0.9990344643592834,Still
1,LEFT_SHOULDER,0.5348483324050903,0.3129482865333557,-0.0944980308413505,0.9998841881752014,Still
1,RIGHT_SHOULDER,0.4459746479988098,0.3128873705863952,-0.1124887615442276,0.9996968507766724,Still
1,LEFT_ELBOW,0.5541708469390869,0.4322097301483154,-0.0555614307522773,0.98753821849823,Still
1,RIGHT_ELBOW,0.427013635635376,0.4338693022727966,-0.1052986979484558,0.9807792901992798,Still
1,LEFT_WRIST,0.5605696439743042,0.5339782238006592,-0.163004919886589,0.9854577779769896,Still
1,RIGHT_WRIST,0.4196657240390777,0.5413363575935364,-0.2186260521411895,0.982430934906006,Still
1,LEFT_PINKY,0.5615077018737793,0.5660539269447327,-0.194094032049179,0.9820094108581544,Still
1,RIGHT_PINKY,0.4165868163108825,0.5813093781471252,-0.257647693157196,0.9776753187179564,Still
1,LEFT_INDEX,0.5554471015930176,0.5665599703788757,-0.2276681959629058,0.9827758073806764,Still
1,RIGHT_INDEX,0.4224811196327209,0.5790382027626038,-0.2861359119415283,0.978308081626892,Still
1,LEFT_THUMB,0.5518701672554016,0.5559722185134888,-0.1777605712413787,0.979454517364502,Still
1,RIGHT_THUMB,0.4264968931674957,0.5651320815086365,-0.2335136383771896,0.9745352268218994,Still
1,LEFT_HIP,0.5151546597480774,0.5569981932640076,0.012319135479629,0.9999834299087524,Still
1,RIGHT_HIP,0.4670202732086181,0.5541337132453918,-0.012541115283966,0.9999816417694092,Still
1,LEFT_KNEE,0.5128840804100037,0.7271706461906433,0.0643594115972518,0.9882023930549622,Still
1,RIGHT_KNEE,0.4688593447208404,0.7228764891624451,0.0219332985579967,0.9854573607444764,Still
1,LEFT_ANKLE,0.5082400441169739,0.8608105182647705,0.2690321803092956,0.9929582476615906,Still
1,RIGHT_ANKLE,0.4664331078529358,0.8659891486167908,0.1884158849716186,0.9924532175064088,Still
1,LEFT_HEEL,0.5005074143409729,0.8788495659828186,0.2819263935089111,0.9368540048599244,Still
1,RIGHT_HEEL,0.472360223531723,0.8837854862213135,0.1985954493284225,0.9203502535820008,Still
1,LEFT_FOOT_INDEX,0.5259910821914673,0.916803240776062,0.1666024923324585,0.9914910197257996,Still
1,RIGHT_FOOT_INDEX,0.4554707109928131,0.9228892922401428,0.072080060839653,0.988929569721222,Still
2,NOSE,0.4923184514045715,0.2107776701450348,-0.3178471624851227,0.9996405243873596,Still
2,LEFT_EYE_INNER,0.4985385537147522,0.1946752965450287,-0.2986277043819427,0.9993133544921876,Still
2,LEFT_EYE,0.5018859505653381,0.1951332986354828,-0.2989302277565002,0.999159812927246,Still
2,LEFT_EYE_OUTER,0.5052899122238159,0.1954900175333023,-0.2988814413547516,0.9994720816612244,Still
2,RIGHT_EYE_INNER,0.4873269498348236,0.1949703842401504,-0.3014360070228576,0.9994829297065736,Still
2,RIGHT_EYE,0.4836193919181824,0.19547900557518,-0.3017128109931946,0.9994474053382874,Still
2,RIGHT_EYE_OUTER,0.4805446565151214,0.1961369812488556,-0.3018437027931213,0.9996283650398254,Still
2,LEFT_EAR,0.5072734951972961,0.2041566222906112,-0.1825233846902847,0.9994007349014282,Still
2,RIGHT_EAR,0.4757331013679504,0.2038200199604034,-0.1952456086874008,0.9989734292030334,Still
2,MOUTH_LEFT,0.4987190365791321,0.2291776239871978,-0.27192223072052,0.9991514086723328,Still
2,MOUTH_RIGHT,0.4867675304412842,0.2269205302000045,-0.2773639261722564,0.9991307854652404,Still
2,LEFT_SHOULDER,0.5343607068061829,0.3126453161239624,-0.0981758013367652,0.9998955130577089,Still
2,RIGHT_SHOULDER,0.444937139749527,0.3140996694564819,-0.1163835301995277,0.9997264742851256,Still
2,LEFT_ELBOW,0.5549367666244507,0.4313180148601532,-0.0562781691551208,0.9885594248771667,Still
2,RIGHT_ELBOW,0.4244624972343445,0.4364435076713562,-0.1078857332468032,0.9822752475738524,Still
2,LEFT_WRIST,0.5615180134773254,0.5335401892662048,-0.1597338616847992,0.986809492111206,Still
2,RIGHT_WRIST,0.4189213216304779,0.5440813302993774,-0.2185924351215362,0.984018623828888,Still
2,LEFT_PINKY,0.5626782178878784,0.5654847621917725,-0.1899578124284744,0.9835902452468872,Still
2,RIGHT_PINKY,0.4160320162773132,0.5840429663658142,-0.2576180398464203,0.97954523563385,Still
2,LEFT_INDEX,0.5565648674964905,0.5658599138259888,-0.2231933623552322,0.9843100905418396,Still
2,RIGHT_INDEX,0.4222390055656433,0.5816985368728638,-0.2858437001705169,0.9801641702651978,Still
2,LEFT_THUMB,0.5528895258903503,0.5554838180541992,-0.174256220459938,0.981226086616516,Still
2,RIGHT_THUMB,0.4262857437133789,0.568416953086853,-0.2333961278200149,0.9766054153442384,Still
2,LEFT_HIP,0.5149021148681641,0.5569796562194824,0.0122672514989972,0.9999843835830688,Still
2,RIGHT_HIP,0.4664819836616516,0.5540657043457031,-0.0124906571581959,0.9999825954437256,Still
2,LEFT_KNEE,0.5128304362297058,0.7266107201576233,0.0642233043909072,0.989054560661316,Still
2,RIGHT_KNEE,0.4684762358665466,0.7228771448135376,0.0306323375552892,0.9864150881767272,Still
2,LEFT_ANKLE,0.508263349533081,0.8607918620109558,0.2685372531414032,0.9933393597602844,Still
2,RIGHT_ANKLE,0.4662818014621734,0.8658201694488525,0.2008508443832397,0.992953360080719,Still
2,LEFT_HEEL,0.5005313754081726,0.8788490295410156,0.2814349830150604,0.9387950301170348,Still
2,RIGHT_HEEL,0.4722816348075866,0.8834937214851379,0.2115333825349807,0.9231503009796144,Still
2,LEFT_FOOT_INDEX,0.5261274576187134,0.9165964722633362,0.16553695499897,0.992002248764038,Still
2,RIGHT_FOOT_INDEX,0.4552760124206543,0.9228563904762268,0.0870632976293563,0.9896596670150756,Still
3,NOSE,0.4923538565635681,0.2112665176391601,-0.3115074634552002,0.9996761083602904,Still
3,LEFT_EYE_INNER,0.4985581338405609,0.1948505640029907,-0.2921318709850311,0.999381184577942,Still
3,LEFT_EYE,0.5019486546516418,0.1952444016933441,-0.2924414277076721,0.9992428421974182,Still
3,LEFT_EYE_OUTER,0.5052969455718994,0.1955590844154358,-0.2923994660377502,0.999524176120758,Still
3,RIGHT_EYE_INNER,0.4873931407928467,0.1954580247402191,-0.2955981194972992,0.9995340704917908,Still
3,RIGHT_EYE,0.4837094247341156,0.1960077881813049,-0.2958747446537018,0.9995021224021912,Still
3,RIGHT_EYE_OUTER,0.480578601360321,0.1967459619045257,-0.2960106134414673,0.9996650815010072,Still
3,LEFT_EAR,0.5070611834526062,0.2042137086391449,-0.176593542098999,0.9994599223136902,Still
3,RIGHT_EAR,0.4756508469581604,0.2043042331933975,-0.1924974471330642,0.9990743398666382,Still
3,MOUTH_LEFT,0.4987673163414001,0.2295389026403427,-0.2658527195453644,0.9992358684539796,Still
3,MOUTH_RIGHT,0.4868339896202087,0.227678433060646,-0.2721419930458069,0.9992173314094543,Still
3,LEFT_SHOULDER,0.5343555212020874,0.3131851851940155,-0.0932954400777816,0.9999056458473206,Still
3,RIGHT_SHOULDER,0.4445801377296448,0.3163742423057556,-0.1165277361869812,0.9997528791427612,Still
3,LEFT_ELBOW,0.5554611682891846,0.4316185712814331,-0.0500611439347267,0.989387571811676,Still
3,RIGHT_ELBOW,0.4228058457374573,0.438555359840393,-0.1095180660486221,0.9834413528442384,Still
3,LEFT_WRIST,0.56172776222229,0.5340513586997986,-0.146273136138916,0.9880027174949646,Still
3,RIGHT_WRIST,0.4189255833625793,0.5459516048431396,-0.2184392660856247,0.9853724837303162,Still
3,LEFT_PINKY,0.5625867247581482,0.5661214590072632,-0.1741058230400085,0.984978437423706,Still
3,RIGHT_PINKY,0.4161108136177063,0.585810661315918,-0.2572631239891052,0.9811044931411744,Still
3,LEFT_INDEX,0.5566921830177307,0.5663924217224121,-0.2083711922168731,0.9856613874435424,Still
3,RIGHT_INDEX,0.4224058091640472,0.5837583541870117,-0.2855002284049988,0.9817265272140504,Still
3,LEFT_THUMB,0.5531424283981323,0.5559812188148499,-0.1609342694282531,0.9827803373336792,Still
3,RIGHT_THUMB,0.4264728426933288,0.5711027383804321,-0.2332192212343216,0.9783112406730652,Still
3,LEFT_HIP,0.5148483514785767,0.5578773021697998,0.0123832644894719,0.9999851584434508,Still
3,RIGHT_HIP,0.4661436080932617,0.5552845597267151,-0.0126088038086891,0.9999833703041076,Still
3,LEFT_KNEE,0.5127829313278198,0.7267275452613831,0.076173759996891,0.9897654056549072,Still
3,RIGHT_KNEE,0.4672582745552063,0.7235647439956665,0.0475232303142547,0.9871848225593568,Still
3,LEFT_ANKLE,0.5083106756210327,0.8607231378555298,0.2948272824287414,0.9936079382896424,Still
3,RIGHT_ANKLE,0.4661773145198822,0.8660816550254822,0.2289600372314453,0.9933632016181946,Still
3,LEFT_HEEL,0.5005682110786438,0.8787314295768738,0.309686005115509,0.9397785663604736,Still
3,RIGHT_HEEL,0.4722234308719635,0.8835515379905701,0.2413810193538665,0.9249552488327026,Still
3,LEFT_FOOT_INDEX,0.5261164903640747,0.9164485335350036,0.2004593312740326,0.99235999584198,Still
3,RIGHT_FOOT_INDEX,0.4550554156303406,0.9228569269180298,0.1245702654123306,0.990226149559021,Still
4,NOSE,0.4923780858516693,0.2169680297374725,-0.3045419752597809,0.9997079968452454,Still
4,LEFT_EYE_INNER,0.4983575344085693,0.1999873518943786,-0.2850869297981262,0.9994418621063232,Still
4,LEFT_EYE,0.5019211769104004,0.2000306397676468,-0.2853958010673523,0.9993171691894532,Still
4,LEFT_EYE_OUTER,0.5051513910293579,0.2002133727073669,-0.2853530645370483,0.9995707273483276,Still
4,RIGHT_EYE_INNER,0.4873068332672119,0.2002746015787124,-0.2882479429244995,0.9995797872543336,Still
4,RIGHT_EYE,0.4836739897727966,0.2006608992815017,-0.2885246872901916,0.9995511770248412,Still
4,RIGHT_EYE_OUTER,0.4804699420928955,0.2008679509162902,-0.2886633574962616,0.9996979236602784,Still
4,LEFT_EAR,0.5069130063056946,0.2078099995851516,-0.1702428758144378,0.9995128512382508,Still
4,RIGHT_EAR,0.4753363728523254,0.2079068273305893,-0.1850633472204208,0.9991644024848938,Still
4,MOUTH_LEFT,0.4986759126186371,0.2348199188709259,-0.2591573596000671,0.9993116855621338,Still
4,MOUTH_RIGHT,0.486898273229599,0.2335122674703598,-0.2650446891784668,0.999294936656952,Still
4,LEFT_SHOULDER,0.5342971086502075,0.315191388130188,-0.088920459151268,0.9999146461486816,Still
4,RIGHT_SHOULDER,0.4440801739692688,0.3203125298023224,-0.1109499335289001,0.9997763633728028,Still
4,LEFT_ELBOW,0.5560429692268372,0.4334216713905334,-0.0469936355948448,0.9899857640266418,Still
4,RIGHT_ELBOW,0.42191943526268,0.4402200579643249,-0.106689229607582,0.9843423366546632,Still
4,LEFT_WRIST,0.5619048476219177,0.5353038311004639,-0.142851710319519,0.9889857172966005,Still
4,RIGHT_WRIST,0.4190016388893127,0.5480514764785767,-0.2167622298002243,0.9865228533744812,Still
4,LEFT_PINKY,0.5623830556869507,0.5675266981124878,-0.1705348789691925,0.9860761761665344,Still
4,RIGHT_PINKY,0.4162132143974304,0.5879979729652405,-0.2545743584632873,0.9823909997940063,Still
4,LEFT_INDEX,0.5567408204078674,0.5675659775733948,-0.2036328762769699,0.986744463443756,Still
4,RIGHT_INDEX,0.4224717020988464,0.5861213803291321,-0.2821285724639892,0.9830290675163268,Still
4,LEFT_THUMB,0.5533768534660339,0.557063102722168,-0.1571328341960907,0.9839888215065002,Still
4,RIGHT_THUMB,0.426593542098999,0.5735440254211426,-0.2312009632587433,0.9797036647796632,Still
4,LEFT_HIP,0.5147469639778137,0.5617271661758423,0.0123587129637599,0.9999858736991882,Still
4,RIGHT_HIP,0.4659996032714844,0.5596646666526794,-0.0125841973349452,0.999984085559845,Still
4,LEFT_KNEE,0.5129598379135132,0.7267526388168335,0.0885400474071502,0.990386962890625,Still
4,RIGHT_KNEE,0.4652107357978821,0.7256624698638916,0.0586163289844989,0.9878809452056884,Still
4,LEFT_ANKLE,0.5083182454109192,0.8604997396469116,0.3112982213497162,0.9938753247261048,Still
4,RIGHT_ANKLE,0.4660509526729584,0.8663715720176697,0.2452011406421661,0.9937379360198976,Still
4,LEFT_HEEL,0.5005675554275513,0.8784635663032532,0.3267057240009308,0.9410791993141174,Still
4,RIGHT_HEEL,0.4722252488136291,0.8838472366333008,0.2583022117614746,0.9269837737083436,Still
4,LEFT_FOOT_INDEX,0.5261064171791077,0.9163146018981934,0.2203967571258545,0.9926839470863342,Still
4,RIGHT_FOOT_INDEX,0.4547130465507507,0.9229644536972046,0.1445818245410919,0.9907246828079224,Still
5,NOSE,0.4918075501918793,0.233300969004631,-0.3212978839874267,0.9997364282608032,Still
5,LEFT_EYE_INNER,0.4972783625125885,0.2157859951257705,-0.302584707736969,0.9994959235191344,Still
5,LEFT_EYE,0.5009945034980774,0.2158706039190292,-0.3029094338417053,0.9993833899497986,Still
5,LEFT_EYE_OUTER,0.5041064023971558,0.216292068362236,-0.3028714060783386,0.9996122121810912,Still
5,RIGHT_EYE_INNER,0.4866794645786285,0.2168431431055069,-0.3059946298599243,0.9996206164360046,Still
5,RIGHT_EYE,0.4830633699893951,0.2173175662755966,-0.3062699735164642,0.9995949268341064,Still
5,RIGHT_EYE_OUTER,0.4795990586280823,0.2175875306129455,-0.3064194023609161,0.9997272491455078,Still
5,LEFT_EAR,0.5064980983734131,0.2239759713411331,-0.1897200644016266,0.9995599389076232,Still
5,RIGHT_EAR,0.474677175283432,0.2263128459453582,-0.2049957513809204,0.9992440342903136,Still
5,MOUTH_LEFT,0.4977559447288513,0.2519835233688354,-0.2766550183296203,0.9993796944618224,Still
5,MOUTH_RIGHT,0.486150175333023,0.2505390048027038,-0.2827712893486023,0.9993646144866944,Still
5,LEFT_SHOULDER,0.534137487411499,0.3326357007026672,-0.1048302799463272,0.9999226927757264,Still
5,RIGHT_SHOULDER,0.4440139830112457,0.3378266394138336,-0.1304455399513244,0.9997974038124084,Still
5,LEFT_ELBOW,0.5563381910324097,0.4442431032657623,-0.0537688508629798,0.9905714988708496,Still
5,RIGHT_ELBOW,0.4214462637901306,0.4541153907775879,-0.1202229633927345,0.9852433800697328,Still
5,LEFT_WRIST,0.5616919994354248,0.5439020395278931,-0.1452440172433853,0.989895522594452,Still
5,RIGHT_WRIST,0.4189707338809967,0.564401388168335,-0.2233990132808685,0.9875594973564148,Still
5,LEFT_PINKY,0.562182605266571,0.5767747759819031,-0.1728475391864776,0.9870913624763488,Still
5,RIGHT_PINKY,0.4164710640907287,0.6018758416175842,-0.2614249289035797,0.9834874272346495,Still
5,LEFT_INDEX,0.5565100312232971,0.5767946839332581,-0.2064598500728607,0.9877453446388244,Still
5,RIGHT_INDEX,0.4225932657718658,0.5999454259872437,-0.2886120676994324,0.9841520190238952,Still
5,LEFT_THUMB,0.5531957745552063,0.5659182071685791,-0.1595553308725357,0.9851123690605164,Still
5,RIGHT_THUMB,0.4266701340675354,0.586809515953064,-0.2374593019485473,0.980879247188568,Still
5,LEFT_HIP,0.5141526460647583,0.5750221014022827,0.0123215978965163,0.9999862909317015,Still
5,RIGHT_HIP,0.4652144312858581,0.5732555985450745,-0.0125479595735669,0.9999844431877136,Still
5,LEFT_KNEE,0.5133552551269531,0.7311499118804932,0.0944045037031173,0.9905405044555664,Still
5,RIGHT_KNEE,0.4631745219230652,0.7296923995018005,0.0660365968942642,0.9878102540969848,Still
5,LEFT_ANKLE,0.5082881450653076,0.8605947494506836,0.3195988237857818,0.9937748312950134,Still
5,RIGHT_ANKLE,0.4659066200256347,0.8667395114898682,0.2674791216850281,0.9937354922294616,Still
5,LEFT_HEEL,0.5005029439926147,0.8784526586532593,0.3352135717868805,0.9387471079826356,Still
5,RIGHT_HEEL,0.4722377359867096,0.8843263387680054,0.2822821736335754,0.9245359897613524,Still
5,LEFT_FOOT_INDEX,0.526067852973938,0.9165953993797302,0.2290784120559692,0.9925904273986816,Still
5,RIGHT_FOOT_INDEX,0.4543631970882416,0.9231945276260376,0.172969713807106,0.990680992603302,Still
6,NOSE,0.4918558001518249,0.24331596493721,-0.3124836087226867,0.9997617602348328,Still
6,LEFT_EYE_INNER,0.4973073601722717,0.2264371514320373,-0.2933715581893921,0.999543845653534,Still
6,LEFT_EYE,0.5010291934013367,0.2267341613769531,-0.2936876714229584,0.9994421005249025,Still
6,LEFT_EYE_OUTER,0.504040002822876,0.2270000278949737,-0.29364675283432,0.9996489882469176,Still
6,RIGHT_EYE_INNER,0.4867247641086578,0.2271094471216201,-0.2964881658554077,0.999656856060028,Still
6,RIGHT_EYE,0.4830810129642486,0.2276586592197418,-0.2967628240585327,0.9996337890625,Still
6,RIGHT_EYE_OUTER,0.4796144962310791,0.2277888804674148,-0.2969092428684234,0.9997532963752748,Still
6,LEFT_EAR,0.5065048933029175,0.2346261292695999,-0.1811132729053497,0.9996016025543212,Still
6,RIGHT_EAR,0.4747123122215271,0.2370525300502777,-0.1954242885112762,0.99931401014328,Still
6,MOUTH_LEFT,0.4978058338165283,0.2614319026470184,-0.2678918242454529,0.9994406700134276,Still
6,MOUTH_RIGHT,0.4862043857574463,0.2595070600509643,-0.2736892700195312,0.999427080154419,Still
6,LEFT_SHOULDER,0.5341230034828186,0.3446758389472961,-0.0998101681470871,0.9999299645423888,Still
6,RIGHT_SHOULDER,0.444084882736206,0.3481639325618744,-0.1218379363417625,0.9998162984848022,Still
6,LEFT_ELBOW,0.5575418472290039,0.45651575922966,-0.0512197613716125,0.9911547303199768,Still
6,RIGHT_ELBOW,0.421518862247467,0.4616714119911194,-0.1147073879837989,0.98590087890625,Still
6,LEFT_WRIST,0.5611652135848999,0.5560648441314697,-0.1342973262071609,0.990715503692627,Still
6,RIGHT_WRIST,0.4191071093082428,0.5745844841003418,-0.2109949290752411,0.9884520173072816,Still
6,LEFT_PINKY,0.5615074038505554,0.590825080871582,-0.1615282893180847,0.9879987835884094,Still
6,RIGHT_PINKY,0.416664183139801,0.6117171049118042,-0.2477452456951141,0.9844123721122742,Still
6,LEFT_INDEX,0.5541508793830872,0.5900078415870667,-0.1930376291275024,0.9886349439620972,Still
6,RIGHT_INDEX,0.4226954579353332,0.609986424446106,-0.2741556763648987,0.9850993156433104,Still
6,LEFT_THUMB,0.5512887239456177,0.5786866545677185,-0.1474604606628418,0.9861056804656982,Still
6,RIGHT_THUMB,0.4267458021640777,0.596842885017395,-0.2244184464216232,0.9818578362464904,Still
6,LEFT_HIP,0.5136595964431763,0.5847207307815552,0.0120234889909625,0.99998676776886,Still
6,RIGHT_HIP,0.464749276638031,0.5826018452644348,-0.0122479824349284,0.9999849200248718,Still
6,LEFT_KNEE,0.5141875743865967,0.7346261143684387,0.1022672280669212,0.9906524419784546,Still
6,RIGHT_KNEE,0.4630458950996399,0.733185887336731,0.07013501226902,0.9877519011497498,Still
6,LEFT_ANKLE,0.5080856680870056,0.8606148362159729,0.339158684015274,0.993660807609558,Still
6,RIGHT_ANKLE,0.4659607410430908,0.8667598366737366,0.2792835831642151,0.9937523603439332,Still
6,LEFT_HEEL,0.5003942251205444,0.8784157037734985,0.3563804030418396,0.936514377593994,Still
6,RIGHT_HEEL,0.4724724888801574,0.884421706199646,0.2952364087104797,0.922612488269806,Still
6,LEFT_FOOT_INDEX,0.5260627865791321,0.9165579676628112,0.2575399279594421,0.9924058318138124,Still
6,RIGHT_FOOT_INDEX,0.4543547630310058,0.9232101440429688,0.1915601789951324,0.9906080961227416,Still
7,NOSE,0.4919037222862243,0.245487779378891,-0.2997723817825317,0.9997847080230712,Still
7,LEFT_EYE_INNER,0.4972997605800628,0.229089543223381,-0.280824214220047,0.9995872974395752,Still
7,LEFT_EYE,0.5010356903076172,0.2295004725456237,-0.2811270356178283,0.999495267868042,Still
7,LEFT_EYE_OUTER,0.5040216445922852,0.2298995554447174,-0.2810873389244079,0.9996823072433472,Still
7,RIGHT_EYE_INNER,0.4867644309997558,0.2290651798248291,-0.2842548787593841,0.999689757823944,Still
7,RIGHT_EYE,0.4831007421016693,0.2292941212654113,-0.2845189869403839,0.999669075012207,Still
7,RIGHT_EYE_OUTER,0.4796351790428161,0.2298682034015655,-0.2846638560295105,0.9997768998146056,Still
7,LEFT_EAR,0.5065274238586426,0.2387270331382751,-0.1729412525892257,0.9996393918991088,Still
7,RIGHT_EAR,0.4747130274772644,0.2392327785491943,-0.189741849899292,0.9993782043457032,Still
7,MOUTH_LEFT,0.4978432059288025,0.2632308602333069,-0.2570850551128387,0.9994956851005554,Still
7,MOUTH_RIGHT,0.4862341284751892,0.261626273393631,-0.2632907032966614,0.9994834661483764,Still
7,LEFT_SHOULDER,0.5340819358825684,0.3475186228752136,-0.0986321792006492,0.9999364614486694,Still
7,RIGHT_SHOULDER,0.4444626271724701,0.3491848111152649,-0.1195565015077591,0.9998332858085632,Still
7,LEFT_ELBOW,0.5578401684761047,0.4586585164070129,-0.0464948192238807,0.9916098713874816,Still
7,RIGHT_ELBOW,0.4216931760311126,0.4648162722587585,-0.1082650199532508,0.9865685105323792,Still
7,LEFT_WRIST,0.5610994100570679,0.5564968585968018,-0.1281112879514694,0.9914121031761168,Still
7,RIGHT_WRIST,0.4192323088645935,0.5772635340690613,-0.2014265060424804,0.9892777800559998,Still
7,LEFT_PINKY,0.5613593459129333,0.5908408164978027,-0.1547605097293853,0.9887561202049256,Still
7,RIGHT_PINKY,0.4167751371860504,0.6141528487205505,-0.2374272644519806,0.9852874875068665,Still
7,LEFT_INDEX,0.5538073182106018,0.5904626846313477,-0.1850273609161377,0.9893813133239746,Still
7,RIGHT_INDEX,0.4227553308010101,0.6126710176467896,-0.2630847692489624,0.9859877228736876,Still
7,LEFT_THUMB,0.5510646104812622,0.5790233016014099,-0.1408213675022125,0.9869175553321838,Still
7,RIGHT_THUMB,0.4267764091491699,0.5994879007339478,-0.2145717442035675,0.9828009605407716,Still
7,LEFT_HIP,0.513466477394104,0.5868805646896362,0.0119050461798906,0.9999871850013732,Still
7,RIGHT_HIP,0.4646950662136078,0.5841120481491089,-0.0121285775676369,0.9999853372573853,Still
7,LEFT_KNEE,0.5148254036903381,0.7375548481941223,0.0939929038286209,0.9908480048179626,Still
7,RIGHT_KNEE,0.4625955522060394,0.7348289489746094,0.0560749694705009,0.9880310297012328,Still
7,LEFT_ANKLE,0.5080870389938354,0.8611365556716919,0.3229089379310608,0.9937065839767456,Still
7,RIGHT_ANKLE,0.465965986251831,0.866668164730072,0.254717081785202,0.993877410888672,Still
7,LEFT_HEEL,0.5003975033760071,0.8786460161209106,0.3393401503562927,0.9354759454727172,Still
7,RIGHT_HEEL,0.4725949168205261,0.8843082189559937,0.2694498598575592,0.9221574664115906,Still
7,LEFT_FOOT_INDEX,0.5261185765266418,0.9171696305274964,0.2394524365663528,0.9924059510231018,Still
7,RIGHT_FOOT_INDEX,0.454346090555191,0.9232001304626464,0.1635813862085342,0.9907197952270508,Still
8,NOSE,0.4919682145118713,0.2501471936702728,-0.3081143498420715,0.9998050332069396,Still
8,LEFT_EYE_INNER,0.4973150193691253,0.2341833710670471,-0.2904048562049866,0.9996257424354552,Still
8,LEFT_EYE,0.5010629892349243,0.2345188558101654,-0.290715754032135,0.9995423555374146,Still
8,LEFT_EYE_OUTER,0.5040324926376343,0.2349975109100341,-0.2906834185123443,0.9997117519378662,Still
8,RIGHT_EYE_INNER,0.4867842197418213,0.2342329621315002,-0.2936207950115204,0.9997188448905944,Still
8,RIGHT_EYE,0.4831770956516266,0.2344757914543151,-0.2938867211341858,0.9997003078460692,Still
8,RIGHT_EYE_OUTER,0.479691743850708,0.2353009283542633,-0.294038861989975,0.999797821044922,Still
8,LEFT_EAR,0.5066559910774231,0.2430441677570343,-0.18282051384449,0.9996730089187622,Still
8,RIGHT_EAR,0.4747368395328522,0.2445892095565796,-0.1972069144248962,0.9994348287582396,Still
8,MOUTH_LEFT,0.4979539513587951,0.2672327756881714,-0.2653464376926422,0.99954491853714,Still
8,MOUTH_RIGHT,0.4862562716007232,0.2657679617404938,-0.2711381912231445,0.9995338916778564,Still
8,LEFT_SHOULDER,0.5340625047683716,0.3506300151348114,-0.1047712415456771,0.9999422430992126,Still
8,RIGHT_SHOULDER,0.4445734620094299,0.3532426059246063,-0.1245087757706642,0.9998484253883362,Still
8,LEFT_ELBOW,0.5578759908676147,0.4676338732242584,-0.0558521747589111,0.9919607639312744,Still
8,RIGHT_ELBOW,0.4217256009578705,0.47086101770401,-0.1128527969121933,0.9871718883514404,Still
8,LEFT_WRIST,0.5609008073806763,0.5660628080368042,-0.1378679871559143,0.9920002818107604,Still
8,RIGHT_WRIST,0.4193282127380371,0.5834484100341797,-0.2047063410282135,0.9899652600288392,Still
8,LEFT_PINKY,0.5613388419151306,0.5997485518455505,-0.1645241677761078,0.9893642663955688,Still
8,RIGHT_PINKY,0.4168664515018463,0.6186517477035522,-0.2413518875837326,0.9859445691108704,Still
8,LEFT_INDEX,0.5533396601676941,0.5988309383392334,-0.1942335665225982,0.9899895191192628,Still
8,RIGHT_INDEX,0.4228202700614929,0.6173239946365356,-0.2671967148780823,0.9866733551025392,Still
8,LEFT_THUMB,0.5506100058555603,0.5872579216957092,-0.1504676938056945,0.9875595569610596,Still
8,RIGHT_THUMB,0.4268246591091156,0.6050510406494141,-0.2181859761476516,0.983491063117981,Still
8,LEFT_HIP,0.5134837627410889,0.5907594561576843,0.0110261356458067,0.9999876618385316,Still
8,RIGHT_HIP,0.4646554887294769,0.5882321000099182,-0.0112441005185246,0.9999858736991882,Still
8,LEFT_KNEE,0.5150359869003296,0.7397791743278503,0.0903778299689292,0.9911231398582458,Still
8,RIGHT_KNEE,0.4623544812202453,0.7383627891540527,0.0666187405586242,0.9882152676582336,Still
8,LEFT_ANKLE,0.5080901980400085,0.8611857891082764,0.3272611200809479,0.9937168955802916,Still
8,RIGHT_ANKLE,0.4660132527351379,0.8665289878845215,0.2781850099563598,0.9939895868301392,Still
8,LEFT_HEEL,0.5004032850265503,0.8786004185676575,0.3450546860694885,0.9342806339263916,Still
8,RIGHT_HEEL,0.4727955460548401,0.8842356204986572,0.2946462035179138,0.9219359159469604,Still
8,LEFT_FOOT_INDEX,0.5261049270629883,0.9172855615615844,0.2489378750324249,0.9923498034477234,Still
8,RIGHT_FOOT_INDEX,0.4543132185935974,0.923314929008484,0.1943512856960296,0.9907805919647216,Still
9,NOSE,0.4920019209384918,0.2498108148574829,-0.3070895075798034,0.9998230934143066,Still
9,LEFT_EYE_INNER,0.4975406229496002,0.2349726557731628,-0.2887008786201477,0.999659776687622,Still
9,LEFT_EYE,0.5011110901832581,0.2353138327598571,-0.2890088856220245,0.9995840787887572,Still
9,LEFT_EYE_OUTER,0.5041237473487854,0.2356523126363754,-0.28897625207901,0.9997377991676332,Still
9,RIGHT_EYE_INNER,0.4868048131465912,0.2348545640707016,-0.2916494309902191,0.9997446537017822,Still
9,RIGHT_EYE,0.4832588136196136,0.2353661805391311,-0.2919167876243591,0.9997281432151794,Still
9,RIGHT_EYE_OUTER,0.4797988831996918,0.235711857676506,-0.2920669317245483,0.999816358089447,Still
9,LEFT_EAR,0.5066736936569214,0.2434049397706985,-0.1794007420539856,0.9997029900550842,Still
9,RIGHT_EAR,0.4747783541679382,0.2438869625329971,-0.1925619840621948,0.9994852542877196,Still
9,MOUTH_LEFT,0.4980334639549255,0.2669479548931122,-0.2641004621982574,0.9995893239974976,Still
9,MOUTH_RIGHT,0.4864114224910736,0.2657481431961059,-0.2694570124149322,0.99957937002182,Still
9,LEFT_SHOULDER,0.5341296195983887,0.3524217009544372,-0.1028366535902023,0.9999474883079528,Still
9,RIGHT_SHOULDER,0.4450642466545105,0.3540574312210083,-0.1202368959784507,0.9998621940612792,Still
9,LEFT_ELBOW,0.5579708814620972,0.4716784060001373,-0.0643936619162559,0.9923011660575868,Still
9,RIGHT_ELBOW,0.4219583868980407,0.4730867743492126,-0.1112826243042945,0.9877598285675048,Still
9,LEFT_WRIST,0.5608252286911011,0.5678878426551819,-0.1622645556926727,0.9925323128700256,Still
9,RIGHT_WRIST,0.4193938374519348,0.5838091373443604,-0.205053836107254,0.990631937980652,Still
9,LEFT_PINKY,0.5612186193466187,0.6013613343238831,-0.191862940788269,0.989940881729126,Still
9,RIGHT_PINKY,0.4169151186943054,0.6186095476150513,-0.2423602640628814,0.9866551756858826,Still
9,LEFT_INDEX,0.5533487200737,0.5994059443473816,-0.2219659984111786,0.9905592799186708,Still
9,RIGHT_INDEX,0.4228355884552002,0.617074728012085,-0.2688000798225403,0.9873924851417542,Still
9,LEFT_THUMB,0.5506163835525513,0.5876790285110474,-0.1753705739974975,0.988160252571106,Still
9,RIGHT_THUMB,0.4268364906311035,0.6048901677131653,-0.2186177670955658,0.9842551946640016,Still
9,LEFT_HIP,0.5134430527687073,0.5928964614868164,0.0102373519912362,0.9999881982803344,Still
9,RIGHT_HIP,0.4646557867527008,0.5886789560317993,-0.0104530565440654,0.999986469745636,Still
9,LEFT_KNEE,0.5150535702705383,0.7441099286079407,0.0646280795335769,0.991525948047638,Still
9,RIGHT_KNEE,0.4613538682460785,0.740625262260437,0.0342536605894565,0.988776445388794,Still
9,LEFT_ANKLE,0.5079124569892883,0.861824631690979,0.3183484375476837,0.9938231706619264,Still
9,RIGHT_ANKLE,0.4661280214786529,0.8664249181747437,0.2726681232452392,0.9941976070404052,Still
9,LEFT_HEEL,0.5002539753913879,0.8786343336105347,0.3345191776752472,0.93381530046463,Still
9,RIGHT_HEEL,0.4731044769287109,0.8835282325744629,0.2798918187618255,0.9228267669677734,Still
9,LEFT_FOOT_INDEX,0.526120126247406,0.9176574945449828,0.2348990440368652,0.9924238920211792,Still
9,RIGHT_FOOT_INDEX,0.4540771543979645,0.923648476600647,0.1691270470619201,0.9910138845443726,Still
10,NOSE,0.4920297563076019,0.246197834610939,-0.2901218235492706,0.9998395442962646,jump
10,LEFT_EYE_INNER,0.4975537657737732,0.2306659966707229,-0.2707842290401459,0.9996909499168396,jump
10,LEFT_EYE,0.5011370182037354,0.2310130298137664,-0.2710856795310974,0.9996224641799928,jump
10,LEFT_EYE_OUTER,0.5041424036026001,0.2313773930072784,-0.2710628509521484,0.9997617602348328,jump
10,RIGHT_EYE_INNER,0.4868203997611999,0.2308439314365387,-0.2721581757068634,0.9997682571411132,jump
10,RIGHT_EYE,0.4833217561244964,0.2314067780971527,-0.2724195718765259,0.9997535347938538,jump
10,RIGHT_EYE_OUTER,0.4799620509147644,0.2320127636194229,-0.2725690305233001,0.9998332858085632,jump
10,LEFT_EAR,0.5070183277130127,0.2396281361579895,-0.1620860695838928,0.9997307062149048,jump
10,RIGHT_EAR,0.4753225445747375,0.2406522184610366,-0.1679867506027221,0.9995318055152892,jump
10,MOUTH_LEFT,0.4980458319187164,0.2633681297302246,-0.2479710280895233,0.999629557132721,jump
10,MOUTH_RIGHT,0.4864605963230133,0.2620754837989807,-0.2513750791549682,0.99962055683136,jump
10,LEFT_SHOULDER,0.5343770980834961,0.3490427732467651,-0.0914620980620384,0.9999522566795348,jump
10,RIGHT_SHOULDER,0.4451049864292145,0.3513930439949035,-0.0993656665086746,0.9998748302459716,jump
10,LEFT_ELBOW,0.5578829646110535,0.4665451943874359,-0.0533292889595031,0.9925591349601746,jump
10,RIGHT_ELBOW,0.4219868779182434,0.4703927636146545,-0.0964622199535369,0.9882497787475586,jump
10,LEFT_WRIST,0.5607553720474243,0.5632404088973999,-0.1469394266605377,0.9930152893066406,jump
10,RIGHT_WRIST,0.4194681644439697,0.5787045955657959,-0.2062015980482101,0.9912536144256592,jump
10,LEFT_PINKY,0.5611501932144165,0.5965054631233215,-0.175920233130455,0.9904775023460388,jump
10,RIGHT_PINKY,0.4169754385948181,0.614446222782135,-0.2439347803592682,0.9873814582824708,jump
10,LEFT_INDEX,0.5535836815834045,0.5950416326522827,-0.20648193359375,0.9910910725593568,jump
10,RIGHT_INDEX,0.4228602349758148,0.6125574707984924,-0.2703731656074524,0.9881166219711304,jump
10,LEFT_THUMB,0.5507473349571228,0.5835514068603516,-0.1601957827806472,0.9887339472770692,jump
10,RIGHT_THUMB,0.4269828200340271,0.6003405451774597,-0.2200114279985427,0.9850506782531738,jump
10,LEFT_HIP,0.5134829878807068,0.5902054905891418,0.0086797643452882,0.999988853931427,jump
10,RIGHT_HIP,0.4646759927272796,0.5871498584747314,-0.0088991820812225,0.9999871850013732,jump
10,LEFT_KNEE,0.5156009197235107,0.7436164021492004,0.0568586997687816,0.9920586347579956,jump
10,RIGHT_KNEE,0.4597255289554596,0.7405965328216553,0.0365463458001613,0.9894282817840576,jump
10,LEFT_ANKLE,0.5079125165939331,0.8623573184013367,0.3142609000205993,0.9940980672836304,jump
10,RIGHT_ANKLE,0.4661910533905029,0.8663025498390198,0.2641430199146271,0.9945007562637328,jump
10,LEFT_HEEL,0.5002579092979431,0.8787468075752258,0.3314313292503357,0.9354720711708068,jump
10,RIGHT_HEEL,0.4733587205410003,0.8830904364585876,0.2794731259346008,0.9253599047660828,jump
10,LEFT_FOOT_INDEX,0.5261146426200867,0.9182959794998168,0.2306714504957199,0.9927355051040648,jump
10,RIGHT_FOOT_INDEX,0.4536095559597015,0.924107015132904,0.1738510429859161,0.9914304614067078,jump
11,NOSE,0.4926695823669433,0.2270078808069229,-0.281593918800354,0.9998537302017212,jump
11,LEFT_EYE_INNER,0.498011440038681,0.2148785889148712,-0.2627013027667999,0.9997172951698304,jump
11,LEFT_EYE,0.501522421836853,0.2160283178091049,-0.2629988193511963,0.9996550679206848,jump
11,LEFT_EYE_OUTER,0.5047740340232849,0.2169880270957946,-0.2629759609699249,0.9997820854187012,jump
11,RIGHT_EYE_INNER,0.4873108863830566,0.2137268334627151,-0.2644355297088623,0.999788463115692,jump
11,RIGHT_EYE,0.4840122163295746,0.2145250588655471,-0.2647047340869903,0.999775528907776,jump
11,RIGHT_EYE_OUTER,0.4808412194252014,0.2153806090354919,-0.2648570239543915,0.9998478889465332,jump
11,LEFT_EAR,0.5082151293754578,0.224832221865654,-0.1556003838777542,0.9997546076774596,jump
11,RIGHT_EAR,0.4757553040981293,0.2256475239992141,-0.1633993685245514,0.9995717406272888,jump
11,MOUTH_LEFT,0.49845090508461,0.244735985994339,-0.2400006502866745,0.9996656775474548,jump
11,MOUTH_RIGHT,0.4870979189872741,0.2446204274892807,-0.2439610511064529,0.9996575117111206,jump
11,LEFT_SHOULDER,0.5353776216506958,0.3381772041320801,-0.0834910571575164,0.9999566078186036,jump
11,RIGHT_SHOULDER,0.4454359412193298,0.3378345370292663,-0.0962413474917411,0.999886393547058,jump
11,LEFT_ELBOW,0.5578594207763672,0.4578976035118103,-0.0398061536252498,0.9927108883857728,jump
11,RIGHT_ELBOW,0.4244206845760345,0.4569505155086517,-0.0910886451601982,0.988572120666504,jump
11,LEFT_WRIST,0.560721755027771,0.5524213910102844,-0.1316711157560348,0.9934244751930236,jump
11,RIGHT_WRIST,0.4201356768608093,0.5624567866325378,-0.2035820931196212,0.991810381412506,jump
11,LEFT_PINKY,0.561097264289856,0.5834718346595764,-0.1595788896083831,0.99091774225235,jump
11,RIGHT_PINKY,0.4177776873111725,0.5964547991752625,-0.2415800988674163,0.988057255744934,jump
11,LEFT_INDEX,0.5539169311523438,0.5821036100387573,-0.1910482496023178,0.9915330410003662,jump
11,RIGHT_INDEX,0.4230562746524811,0.5943663716316223,-0.268867939710617,0.9887884259223938,jump
11,LEFT_THUMB,0.5511074066162109,0.5717509388923645,-0.1451376974582672,0.9891898036003112,jump
11,RIGHT_THUMB,0.427065372467041,0.5819587111473083,-0.2178858816623687,0.9857680201530457,jump
11,LEFT_HIP,0.514083743095398,0.5823759436607361,0.0086966566741466,0.9999894499778748,jump
11,RIGHT_HIP,0.4649461209774017,0.5803335905075073,-0.0089180273935198,0.9999878406524658,jump
11,LEFT_KNEE,0.5159774422645569,0.7393354773521423,0.0558157041668891,0.9923885464668274,jump
11,RIGHT_KNEE,0.4598045945167541,0.740045428276062,0.0232587046921253,0.9899303317070008,jump
11,LEFT_ANKLE,0.5079371333122253,0.8621588945388794,0.2968823313713074,0.994272530078888,jump
11,RIGHT_ANKLE,0.4661961495876312,0.8664576411247253,0.2292394638061523,0.9947375059127808,jump
11,LEFT_HEEL,0.5003145337104797,0.8784207105636597,0.3140318095684051,0.9363455772399902,jump
11,RIGHT_HEEL,0.4736263155937195,0.8830893039703369,0.2444160431623459,0.9267310500144958,jump
11,LEFT_FOOT_INDEX,0.5255059003829956,0.9183058738708496,0.207465574145317,0.9929680228233336,jump
11,RIGHT_FOOT_INDEX,0.4533858299255371,0.9248139262199402,0.1321498155593872,0.9917694330215454,jump
12,NOSE,0.4935531616210937,0.1977803707122802,-0.2808894515037536,0.9998670816421508,jump
12,LEFT_EYE_INNER,0.4988382458686828,0.1859682649374008,-0.2621496319770813,0.9997420907020568,jump
12,LEFT_EYE,0.5024865865707397,0.1870684474706649,-0.2624302506446838,0.9996854662895204,jump
12,LEFT_EYE_OUTER,0.5061863660812378,0.1881772130727768,-0.262403666973114,0.9998011589050292,jump
12,RIGHT_EYE_INNER,0.4886879324913025,0.1839323490858078,-0.2635045647621155,0.999807357788086,jump
12,RIGHT_EYE,0.4857186377048492,0.1840638965368271,-0.2637802064418793,0.9997958540916444,jump
12,RIGHT_EYE_OUTER,0.4829554557800293,0.1843797862529754,-0.2639323472976684,0.999861478805542,jump
12,LEFT_EAR,0.5104042291641235,0.1970101296901703,-0.152277261018753,0.9997765421867372,jump
12,RIGHT_EAR,0.4773606359958648,0.1948474049568176,-0.158151239156723,0.9996087551116944,jump
12,MOUTH_LEFT,0.499307245016098,0.216103047132492,-0.2378918230533599,0.9996983408927916,jump
12,MOUTH_RIGHT,0.4884122312068939,0.2145337909460067,-0.2413592636585235,0.9996909499168396,jump
12,LEFT_SHOULDER,0.536361813545227,0.3064357042312622,-0.0750521346926689,0.9999605417251588,jump
12,RIGHT_SHOULDER,0.4469764828681946,0.3043720126152038,-0.0847820565104484,0.9998968243598938,jump
12,LEFT_ELBOW,0.5575805902481079,0.4237629771232605,-0.0173353776335716,0.992928147315979,jump
12,RIGHT_ELBOW,0.4279131293296814,0.4188323020935058,-0.0720399469137191,0.9886893033981324,jump
12,LEFT_WRIST,0.5606794357299805,0.5268233418464661,-0.0970446318387985,0.99382221698761,jump
12,RIGHT_WRIST,0.4209114611148834,0.5264347195625305,-0.182365596294403,0.9921891689300536,jump
12,LEFT_PINKY,0.5610220432281494,0.5578171014785767,-0.1227535158395767,0.9913128018379213,jump
12,RIGHT_PINKY,0.419623851776123,0.5605879426002502,-0.219025045633316,0.9884352087974548,jump
12,LEFT_INDEX,0.5544059872627258,0.5574520826339722,-0.155487984418869,0.9919333457946776,jump
12,RIGHT_INDEX,0.4233705997467041,0.5610483884811401,-0.2476142942905426,0.989187479019165,jump
12,LEFT_THUMB,0.5517287254333496,0.5474936366081238,-0.110547125339508,0.9896134734153748,jump
12,RIGHT_THUMB,0.4270772039890289,0.5487995147705078,-0.1971245259046554,0.9861437678337096,jump
12,LEFT_HIP,0.5143279433250427,0.5547497272491455,0.0087081929668784,0.9999898076057434,jump
12,RIGHT_HIP,0.4649468958377838,0.5545474290847778,-0.0089289080351591,0.999988317489624,jump
12,LEFT_KNEE,0.5161236524581909,0.7198885679244995,0.0393711328506469,0.9925058484077454,jump
12,RIGHT_KNEE,0.4622889161109924,0.7301985621452332,0.0086386185139417,0.990300178527832,jump
12,LEFT_ANKLE,0.5102904438972473,0.8582916855812073,0.2516132891178131,0.9943162202835084,jump
12,RIGHT_ANKLE,0.4655445218086242,0.8666632175445557,0.1884508430957794,0.994908332824707,jump
12,LEFT_HEEL,0.5042096376419067,0.872492790222168,0.2656070590019226,0.934894859790802,jump
12,RIGHT_HEEL,0.4717559218406677,0.8820788264274597,0.2008995711803436,0.926593005657196,jump
12,LEFT_FOOT_INDEX,0.5240968465805054,0.9183473587036132,0.1465290635824203,0.9930449724197388,jump
12,RIGHT_FOOT_INDEX,0.4533324837684631,0.9261297583580016,0.0772019773721695,0.9920037388801576,jump
13,NOSE,0.4960224628448486,0.1707970798015594,-0.2792676389217376,0.9998793005943298,jump
13,LEFT_EYE_INNER,0.5005154013633728,0.1557701230049133,-0.2594149708747864,0.999764621257782,jump
13,LEFT_EYE,0.5044803023338318,0.1560922116041183,-0.2596844732761383,0.9997130036354064,jump
13,LEFT_EYE_OUTER,0.5082433819770813,0.1564677059650421,-0.2596441209316253,0.9998183250427246,jump
13,RIGHT_EYE_INNER,0.4902478754520416,0.1551963984966278,-0.2617068886756897,0.999824583530426,jump
13,RIGHT_EYE,0.4871114194393158,0.1556208282709121,-0.2619881927967071,0.9998144507408142,jump
13,RIGHT_EYE_OUTER,0.4845581650733948,0.1561450809240341,-0.2621363699436188,0.9998739957809448,jump
13,LEFT_EAR,0.5117466449737549,0.1655810624361038,-0.1428543627262115,0.9997959136962892,jump
13,RIGHT_EAR,0.4789704382419586,0.1665401756763458,-0.153529554605484,0.9996424317359924,jump
13,MOUTH_LEFT,0.5015278458595276,0.1885315179824829,-0.2337073385715484,0.9997276067733764,jump
13,MOUTH_RIGHT,0.490854799747467,0.1880548894405365,-0.2384822070598602,0.9997209906578064,jump
13,LEFT_SHOULDER,0.5370789170265198,0.2804168164730072,-0.0591124072670936,0.9999639987945556,jump
13,RIGHT_SHOULDER,0.4476691782474518,0.2756884396076202,-0.077032171189785,0.9999059438705444,jump
13,LEFT_ELBOW,0.5572777390480042,0.3964163959026336,-0.0037911832332611,0.9929840564727784,jump
13,RIGHT_ELBOW,0.4300277233123779,0.3958485126495361,-0.0623451061546802,0.9886727333068848,jump
13,LEFT_WRIST,0.5609260201454163,0.4998656809329986,-0.0967495441436767,0.9941434860229492,jump
13,RIGHT_WRIST,0.4209164083003998,0.4976432919502258,-0.1748435348272323,0.992554783821106,jump
13,LEFT_PINKY,0.5616491436958313,0.533374011516571,-0.1243854537606239,0.9915881752967834,jump
13,RIGHT_PINKY,0.4196831583976745,0.5338745713233948,-0.2124452888965606,0.9888083934783936,jump
13,LEFT_INDEX,0.555823564529419,0.5332427024841309,-0.1578137129545211,0.9922287464141846,jump
13,RIGHT_INDEX,0.423297256231308,0.5328976511955261,-0.2418685853481292,0.9895814657211304,jump
13,LEFT_THUMB,0.552706778049469,0.5226522088050842,-0.1109799966216087,0.9898883700370787,jump
13,RIGHT_THUMB,0.4268642961978912,0.520433247089386,-0.1899989247322082,0.9864990711212158,jump
13,LEFT_HIP,0.5148636102676392,0.5279169082641602,0.010221691802144,0.9999895691871644,jump
13,RIGHT_HIP,0.4653530120849609,0.5257807970046997,-0.0104319332167506,0.9999880790710448,jump
13,LEFT_KNEE,0.5162984132766724,0.7020876407623291,0.0436481721699237,0.9920503497123718,jump
13,RIGHT_KNEE,0.4645343720912933,0.7083034515380859,-0.0024510989896953,0.990077793598175,jump
13,LEFT_ANKLE,0.5162736177444458,0.8582912683486938,0.2307284325361251,0.9940410852432252,jump
13,RIGHT_ANKLE,0.4642909467220306,0.862357497215271,0.1590130925178527,0.9947433471679688,jump
13,LEFT_HEEL,0.5126839876174927,0.8709908127784729,0.2411752641201019,0.9309017658233644,jump
13,RIGHT_HEEL,0.4674668312072754,0.8740776777267456,0.1688309609889984,0.9215955138206482,jump
13,LEFT_FOOT_INDEX,0.5252764225006104,0.918049931526184,0.1086748838424682,0.9927985072135924,jump
13,RIGHT_FOOT_INDEX,0.4539893567562103,0.9238561987876892,0.0322630740702152,0.9917610883712769,jump
14,NOSE,0.4970262944698334,0.1448120325803756,-0.2821328341960907,0.9998897910118104,jump
14,LEFT_EYE_INNER,0.5012289881706238,0.1307663321495056,-0.2621316313743591,0.9997831583023072,jump
14,LEFT_EYE,0.50517737865448,0.13093201816082,-0.2624270319938659,0.9997358322143556,jump
14,LEFT_EYE_OUTER,0.5091325044631958,0.1311500370502472,-0.2623941004276275,0.9998323321342468,jump
14,RIGHT_EYE_INNER,0.491150289773941,0.1308357864618301,-0.2649052441120147,0.9998389482498168,jump
14,RIGHT_EYE,0.4880105555057525,0.1313413828611374,-0.2651783525943756,0.9998302459716796,jump
14,RIGHT_EYE_OUTER,0.4853209853172302,0.1319317668676376,-0.2653242945671081,0.9998846054077148,jump
14,LEFT_EAR,0.5133188962936401,0.1406605988740921,-0.1471424996852874,0.9998117089271544,jump
14,RIGHT_EAR,0.4800686240196228,0.1428501605987548,-0.1589401811361313,0.9996704459190368,jump
14,MOUTH_LEFT,0.502540111541748,0.1625754833221435,-0.237300232052803,0.9997535943984984,jump
14,MOUTH_RIGHT,0.4921486377716064,0.1629694402217865,-0.2423585951328277,0.9997476935386658,jump
14,LEFT_SHOULDER,0.5389580726623535,0.2607323229312897,-0.0672552734613418,0.9999670386314392,jump
14,RIGHT_SHOULDER,0.4480848908424377,0.251498281955719,-0.0836815387010574,0.9999142289161682,jump
14,LEFT_ELBOW,0.5572705864906311,0.3773050904273987,-0.0147356837987899,0.9928742051124572,jump
14,RIGHT_ELBOW,0.4302980899810791,0.3755154907703399,-0.0652164071798324,0.988656759262085,jump
14,LEFT_WRIST,0.5620085000991821,0.4783625304698944,-0.1239274516701698,0.9943392276763916,jump
14,RIGHT_WRIST,0.4205630421638489,0.4785500764846802,-0.1757731288671493,0.992817521095276,jump
14,LEFT_PINKY,0.5627163648605347,0.5114163160324097,-0.155515655875206,0.991696834564209,jump
14,RIGHT_PINKY,0.4192818999290466,0.5148980021476746,-0.2133649289608001,0.9890040755271912,jump
14,LEFT_INDEX,0.557874321937561,0.5115540623664856,-0.1908677816390991,0.9923802018165588,jump
14,RIGHT_INDEX,0.4218379855155945,0.514252245426178,-0.2439670860767364,0.989824116230011,jump
14,LEFT_THUMB,0.5546785593032837,0.5017579197883606,-0.1396920979022979,0.9899694919586182,jump
14,RIGHT_THUMB,0.4253233075141907,0.5025866031646729,-0.1914265751838684,0.9866863489151,jump
14,LEFT_HIP,0.5149514675140381,0.505790114402771,0.0103455474600195,0.999989092350006,jump
14,RIGHT_HIP,0.4653688967227936,0.5020804405212402,-0.0105548808351159,0.9999876618385316,jump
14,LEFT_KNEE,0.5173859000205994,0.6810454726219177,0.0351722426712513,0.9908376932144164,jump
14,RIGHT_KNEE,0.4652974009513855,0.6840755939483643,0.0055964789353311,0.9890627861022948,jump
14,LEFT_ANKLE,0.5200951099395752,0.8436099290847778,0.2229305207729339,0.9928531646728516,jump
14,RIGHT_ANKLE,0.464341789484024,0.8437210917472839,0.1808510273694992,0.9937525391578674,jump
14,LEFT_HEEL,0.5175791382789612,0.853651762008667,0.2338883578777313,0.9185991883277892,jump
14,RIGHT_HEEL,0.4669473171234131,0.8520001769065857,0.1925129741430282,0.907396912574768,jump
14,LEFT_FOOT_INDEX,0.525468111038208,0.9053718447685242,0.1023820042610168,0.9917120337486268,jump
14,RIGHT_FOOT_INDEX,0.4568286538124084,0.9087133407592772,0.0617591850459575,0.9904448986053468,jump
15,NOSE,0.4970821440219879,0.1265429258346557,-0.2759584486484527,0.999898374080658,jump
15,LEFT_EYE_INNER,0.5014826655387878,0.1125893294811248,-0.2576577961444855,0.9997972846031188,jump
15,LEFT_EYE,0.5055631399154663,0.1131889894604682,-0.2579339742660522,0.9997534155845642,jump
15,LEFT_EYE_OUTER,0.5096610188484192,0.1140075698494911,-0.2578941881656647,0.9998427629470824,jump
15,RIGHT_EYE_INNER,0.4914984107017517,0.1121385991573333,-0.2594053447246551,0.9998504519462584,jump
15,RIGHT_EYE,0.4884963631629944,0.1126448065042495,-0.2596836984157562,0.9998432397842408,jump
15,RIGHT_EYE_OUTER,0.4858814179897308,0.1131298094987869,-0.2598273754119873,0.999893307685852,jump
15,LEFT_EAR,0.514006495475769,0.1242021322250366,-0.1488082557916641,0.9998236894607544,jump
15,RIGHT_EAR,0.4810443818569183,0.1240112110972404,-0.1570363938808441,0.9996928572654724,jump
15,MOUTH_LEFT,0.5027381181716919,0.1447245627641677,-0.2335125505924224,0.9997763633728028,jump
15,MOUTH_RIGHT,0.4922075867652893,0.1450645178556442,-0.2374656647443771,0.999771237373352,jump
15,LEFT_SHOULDER,0.5392528176307678,0.2408013492822647,-0.070566788315773,0.999969720840454,jump
15,RIGHT_SHOULDER,0.4485177099704742,0.2322688996791839,-0.0866909101605415,0.99992173910141,jump
15,LEFT_ELBOW,0.557357132434845,0.362520307302475,-0.0293256435543298,0.9925566911697388,jump
15,RIGHT_ELBOW,0.4302482604980469,0.3560062348842621,-0.0724585056304931,0.9886510968208312,jump
15,LEFT_WRIST,0.5632840394973755,0.4616219103336334,-0.1480363607406616,0.9943382740020752,jump
15,RIGHT_WRIST,0.4191406667232513,0.4652985334396362,-0.1825078278779983,0.9930810928344728,jump
15,LEFT_PINKY,0.5637174844741821,0.4959835410118103,-0.1793895959854126,0.9915165305137634,jump
15,RIGHT_PINKY,0.4172850251197815,0.5008981227874756,-0.2198227345943451,0.9892258644104004,jump
15,LEFT_INDEX,0.5598087906837463,0.4971306622028351,-0.2139722108840942,0.9922817945480348,jump
15,RIGHT_INDEX,0.4193915724754333,0.5005387663841248,-0.2465667277574539,0.9900930523872375,jump
15,LEFT_THUMB,0.5566734075546265,0.4864286780357361,-0.1635669916868209,0.9897180795669556,jump
15,RIGHT_THUMB,0.4226928353309631,0.4879045188426971,-0.1968341618776321,0.9869364500045776,jump
15,LEFT_HIP,0.5150564312934875,0.4886939227581024,0.0107494508847594,0.999988615512848,jump
15,RIGHT_HIP,0.4653258919715881,0.4877639710903168,-0.010963344015181,0.999987244606018,jump
15,LEFT_KNEE,0.5182639956474304,0.664534866809845,0.0337047912180423,0.9884296655654908,jump
15,RIGHT_KNEE,0.465615838766098,0.6670601963996887,0.0079603483900427,0.9867517352104188,jump
15,LEFT_ANKLE,0.5210924744606018,0.8248140811920166,0.226459264755249,0.9901824593544006,jump
15,RIGHT_ANKLE,0.4651750028133392,0.8249645829200745,0.188360646367073,0.9915871024131776,jump
15,LEFT_HEEL,0.5188679695129395,0.8328595757484436,0.2382868528366089,0.8974065780639648,jump
15,RIGHT_HEEL,0.4674088954925537,0.830044150352478,0.2007835358381271,0.8839604258537292,jump
15,LEFT_FOOT_INDEX,0.5254689455032349,0.8903629779815674,0.1122140139341354,0.9894636273384094,jump
15,RIGHT_FOOT_INDEX,0.4607148766517639,0.8925399780273438,0.0743949115276336,0.9878382682800292,jump
16,NOSE,0.4976119101047516,0.1126165837049484,-0.2790140509605407,0.9999068975448608,jump
16,LEFT_EYE_INNER,0.5021764039993286,0.0993536561727523,-0.2604174017906189,0.9998124241828918,jump
16,LEFT_EYE,0.5062687993049622,0.1003376096487045,-0.2606983184814453,0.9997721314430236,jump
16,LEFT_EYE_OUTER,0.5103594064712524,0.1015750989317894,-0.2606597244739532,0.9998542070388794,jump
16,RIGHT_EYE_INNER,0.4919837415218353,0.0977857038378715,-0.2623216509819031,0.9998621344566344,jump
16,RIGHT_EYE,0.4888455867767334,0.0979199409484863,-0.2625992894172668,0.9998559951782228,jump
16,RIGHT_EYE_OUTER,0.4860065877437591,0.0982409492135047,-0.2627425491809845,0.9999017715454102,jump
16,LEFT_EAR,0.5149790048599243,0.1121588796377182,-0.1502474844455719,0.9998365044593812,jump
16,RIGHT_EAR,0.4813001155853271,0.1089464202523231,-0.1588660925626754,0.9997146129608154,jump
16,MOUTH_LEFT,0.5034846663475037,0.1332084387540817,-0.2358773201704025,0.9997971057891846,jump
16,MOUTH_RIGHT,0.492216020822525,0.1320245265960693,-0.2400607615709304,0.9997925162315368,jump
16,LEFT_SHOULDER,0.5403697490692139,0.230770856142044,-0.0719221159815788,0.9999722242355348,jump
16,RIGHT_SHOULDER,0.4487180113792419,0.2235555797815323,-0.0881213098764419,0.9999281764030457,jump
16,LEFT_ELBOW,0.5575979948043823,0.3515055477619171,-0.0345135182142257,0.9924874901771544,jump
16,RIGHT_ELBOW,0.4300274848937988,0.3480975925922394,-0.0757065042853355,0.9885646104812622,jump
16,LEFT_WRIST,0.5654780268669128,0.4521488547325134,-0.155136376619339,0.9945735335350036,jump
16,RIGHT_WRIST,0.4164779782295227,0.4529406726360321,-0.1888223588466644,0.993322491645813,jump
16,LEFT_PINKY,0.5658088326454163,0.48646080493927,-0.1870129257440567,0.9917271733283995,jump
16,RIGHT_PINKY,0.4135776162147522,0.4882981181144714,-0.2276328802108764,0.989430010318756,jump
16,LEFT_INDEX,0.5622936487197876,0.4870696067810058,-0.2223121225833892,0.9925227165222168,jump
16,RIGHT_INDEX,0.415598064661026,0.4880635440349579,-0.2604860067367553,0.9903581142425536,jump
16,LEFT_THUMB,0.559299647808075,0.4761688113212585,-0.171081930398941,0.989953875541687,jump
16,RIGHT_THUMB,0.4193348288536072,0.475075364112854,-0.2062549889087677,0.987191379070282,jump
16,LEFT_HIP,0.5158489346504211,0.4792618751525879,0.0111444005742669,0.9999867081642152,jump
16,RIGHT_HIP,0.4653400480747223,0.4795200228691101,-0.011365495622158,0.9999850392341614,jump
16,LEFT_KNEE,0.5192277431488037,0.6680298447608948,0.0287115089595317,0.9812971949577332,jump
16,RIGHT_KNEE,0.465947687625885,0.6629593968391418,0.0043314099311828,0.9783235788345336,jump
16,LEFT_ANKLE,0.5214852690696716,0.8231097459793091,0.208792045712471,0.9812411069869996,jump
16,RIGHT_ANKLE,0.4657517969608307,0.822537899017334,0.1859788000583648,0.982455551624298,jump
16,LEFT_HEEL,0.5191660523414612,0.8318639993667603,0.2191568911075592,0.8589917421340942,jump
16,RIGHT_HEEL,0.4673952162265777,0.8296254277229309,0.1984545886516571,0.8384550213813782,jump
16,LEFT_FOOT_INDEX,0.5256088376045227,0.889525294303894,0.0937670916318893,0.9824111461639404,jump
16,RIGHT_FOOT_INDEX,0.4620175957679748,0.8845017552375793,0.0748848691582679,0.9780282378196716,jump
17,NOSE,0.4978021085262298,0.1031674295663833,-0.2804927825927734,0.9999151229858398,jump
17,LEFT_EYE_INNER,0.5025219321250916,0.0902144983410835,-0.2624317109584808,0.999827802181244,jump
17,LEFT_EYE,0.5067389607429504,0.0918557047843933,-0.2627091109752655,0.9997909665107728,jump
17,LEFT_EYE_OUTER,0.510900616645813,0.0935490950942039,-0.2626704573631286,0.9998660087585448,jump
17,RIGHT_EYE_INNER,0.4922432005405426,0.088173508644104,-0.2634584009647369,0.9998737573623656,jump
17,RIGHT_EYE,0.4890944063663482,0.0887871608138084,-0.2637481391429901,0.9998684525489808,jump
17,RIGHT_EYE_OUTER,0.4861218333244324,0.0896860361099243,-0.263871818780899,0.9999101161956788,jump
17,LEFT_EAR,0.5158371329307556,0.1029297932982444,-0.1626857221126556,0.999849498271942,jump
17,RIGHT_EAR,0.4817659258842468,0.1010934635996818,-0.1679092943668365,0.9997370839118958,jump
17,MOUTH_LEFT,0.5040714144706726,0.1237262412905693,-0.2374197244644165,0.9998161792755128,jump
17,MOUTH_RIGHT,0.492180734872818,0.1223917230963707,-0.2404230833053589,0.9998120665550232,jump
17,LEFT_SHOULDER,0.5415962934494019,0.222241535782814,-0.0889445766806602,0.9999746084213256,jump
17,RIGHT_SHOULDER,0.4489513039588928,0.214150920510292,-0.0937753394246101,0.9999341368675232,jump
17,LEFT_ELBOW,0.5603161454200745,0.3454001843929291,-0.0490086786448955,0.9926366209983826,jump
17,RIGHT_ELBOW,0.4294273853302002,0.3401977121829986,-0.0757984966039657,0.988338828086853,jump
17,LEFT_WRIST,0.5699654817581177,0.4498444497585296,-0.1512875854969024,0.9948129057884216,jump
17,RIGHT_WRIST,0.4134194254875183,0.4436220824718475,-0.1858001351356506,0.9933840036392212,jump
17,LEFT_PINKY,0.5710941553115845,0.4831047058105469,-0.1801658272743225,0.9919291734695436,jump
17,RIGHT_PINKY,0.4107894897460937,0.4806917905807495,-0.220038503408432,0.9893019795417786,jump
17,LEFT_INDEX,0.5663803815841675,0.4841377139091491,-0.2142776250839233,0.9927464723587036,jump
17,RIGHT_INDEX,0.4120079576969147,0.4794818758964538,-0.2520699501037597,0.9903270602226256,jump
17,LEFT_THUMB,0.562838613986969,0.4739984273910522,-0.1661855429410934,0.9901850819587708,jump
17,RIGHT_THUMB,0.415875494480133,0.4654618203639984,-0.2023148834705352,0.9871084094047546,jump
17,LEFT_HIP,0.5163044929504395,0.4694747030735016,0.0098171317949891,0.9999865889549256,jump
17,RIGHT_HIP,0.4654216766357422,0.471055269241333,-0.0100452890619635,0.9999848008155824,jump
17,LEFT_KNEE,0.5201953053474426,0.6552329659461975,0.0155966877937316,0.9787145853042604,jump
17,RIGHT_KNEE,0.4666870534420013,0.6642981171607971,-0.0044821109622716,0.9760087728500366,jump
17,LEFT_ANKLE,0.5220798254013062,0.8131299614906311,0.1911985576152801,0.9772985577583312,jump
17,RIGHT_ANKLE,0.4663693010807037,0.8204287886619568,0.1661537587642669,0.979990303516388,jump
17,LEFT_HEEL,0.5198001265525818,0.8210679888725281,0.2016743868589401,0.8320506811141968,jump
17,RIGHT_HEEL,0.4674927592277527,0.8267197608947754,0.1779893338680267,0.814781665802002,jump
17,LEFT_FOOT_INDEX,0.5264865159988403,0.8792588710784912,0.0839823260903358,0.9792597889900208,jump
17,RIGHT_FOOT_INDEX,0.4616060853004455,0.88385409116745,0.0607668086886405,0.9753180742263794,jump
18,NOSE,0.4981721341609955,0.1048501953482627,-0.3200551271438598,0.9999227523803712,jump
18,LEFT_EYE_INNER,0.5029774308204651,0.0907588750123977,-0.304991215467453,0.999842405319214,jump
18,LEFT_EYE,0.5071855783462524,0.0917016416788101,-0.3052768111228943,0.9998087882995604,jump
18,LEFT_EYE_OUTER,0.511290431022644,0.092603862285614,-0.3052317202091217,0.999877154827118,jump
18,RIGHT_EYE_INNER,0.492772489786148,0.0900315046310424,-0.3055810928344726,0.999884843826294,jump
18,RIGHT_EYE,0.4896561205387115,0.0906950309872627,-0.3058816790580749,0.9998801946640016,jump
18,RIGHT_EYE_OUTER,0.4866227209568023,0.0916146785020828,-0.3060169219970703,0.9999181032180786,jump
18,LEFT_EAR,0.5164563059806824,0.1014514937996864,-0.2038034200668335,0.9998617172241212,jump
18,RIGHT_EAR,0.4821846485137939,0.1025482565164566,-0.2057688236236572,0.9997588992118835,jump
18,MOUTH_LEFT,0.5043619275093079,0.1243839785456657,-0.2788415551185608,0.9998335838317872,jump
18,MOUTH_RIGHT,0.49267578125,0.1250902563333511,-0.2811707556247711,0.9998300075531006,jump
18,LEFT_SHOULDER,0.5423429012298584,0.2233832478523254,-0.1241884976625442,0.9999767541885376,jump
18,RIGHT_SHOULDER,0.4493542611598968,0.2188606709241867,-0.1232883483171463,0.9999397993087769,jump
18,LEFT_ELBOW,0.5624089241027832,0.3470031321048736,-0.0806440412998199,0.9927932024002076,jump
18,RIGHT_ELBOW,0.4280404150485992,0.344216525554657,-0.0920492783188819,0.9886282682418824,jump
18,LEFT_WRIST,0.5714229345321655,0.4547041654586792,-0.1751638799905777,0.9949153065681458,jump
18,RIGHT_WRIST,0.4099974036216736,0.4516995847225189,-0.1868002116680145,0.9935893416404724,jump
18,LEFT_PINKY,0.5726423263549805,0.487158715724945,-0.202593058347702,0.991843283176422,jump
18,RIGHT_PINKY,0.4082797169685364,0.4897486865520477,-0.2197186946868896,0.9893493056297302,jump
18,LEFT_INDEX,0.5679053068161011,0.4882116019725799,-0.237214133143425,0.9927255511283876,jump
18,RIGHT_INDEX,0.4102193415164947,0.4876003563404083,-0.2522323131561279,0.9904441833496094,jump
18,LEFT_THUMB,0.5637375116348267,0.4785909950733185,-0.1898787319660186,0.9901108145713806,jump
18,RIGHT_THUMB,0.4141565263271332,0.4729450345039367,-0.2030863463878631,0.9872477054595948,jump
18,LEFT_HIP,0.5168941617012024,0.4660747647285461,0.0084809083491563,0.99998676776886,jump
18,RIGHT_HIP,0.4659787714481354,0.4663026034832001,-0.008728033863008,0.9999850988388062,jump
18,LEFT_KNEE,0.5206739902496338,0.6496634483337402,0.0214473400264978,0.9783729910850524,jump
18,RIGHT_KNEE,0.4670301973819732,0.6576353311538696,0.0120155271142721,0.9755606651306152,jump
18,LEFT_ANKLE,0.5223053097724915,0.8133201003074646,0.1986997872591018,0.9768221974372864,jump
18,RIGHT_ANKLE,0.4664700925350189,0.8181830644607544,0.1797557771205902,0.980125904083252,jump
18,LEFT_HEEL,0.519635796546936,0.8226858973503113,0.2089806050062179,0.8180992603302002,jump
18,RIGHT_HEEL,0.467674195766449,0.8257446885108948,0.1916158497333526,0.8035939335823059,jump
18,LEFT_FOOT_INDEX,0.5276192426681519,0.883374035358429,0.0838395059108734,0.9790443778038024,jump
18,RIGHT_FOOT_INDEX,0.4620656073093414,0.8833428025245667,0.0690149962902069,0.9755877256393432,jump
19,NOSE,0.4987817406654358,0.106343001127243,-0.3270531594753265,0.9999290704727172,jump
19,LEFT_EYE_INNER,0.5034444332122803,0.0936830639839172,-0.3111615777015686,0.9998542070388794,jump
19,LEFT_EYE,0.507563054561615,0.0940034762024879,-0.3114482760429382,0.999823272228241,jump
19,LEFT_EYE_OUTER,0.511602520942688,0.0943809300661087,-0.3114030659198761,0.9998860955238342,jump
19,RIGHT_EYE_INNER,0.4936219155788421,0.0938457921147346,-0.3107131123542785,0.9998939037322998,jump
19,RIGHT_EYE,0.4908062815666199,0.0945548191666603,-0.3110157549381256,0.9998899698257446,jump
19,RIGHT_EYE_OUTER,0.4879236221313476,0.0952919200062751,-0.3111554384231567,0.999924659729004,jump
19,LEFT_EAR,0.5165740847587585,0.1046015918254852,-0.20791757106781,0.9998714923858644,jump
19,RIGHT_EAR,0.4837354719638824,0.1059541404247284,-0.2051033228635788,0.9997762441635132,jump
19,MOUTH_LEFT,0.5048606991767883,0.1262402683496475,-0.2858981788158417,0.9998487830162048,jump
19,MOUTH_RIGHT,0.4939789772033691,0.1270461529493332,-0.2868513166904449,0.9998457431793212,jump
19,LEFT_SHOULDER,0.5433234572410583,0.2316018044948578,-0.1297760307788849,0.999978482723236,jump
19,RIGHT_SHOULDER,0.4506952166557312,0.2250795215368271,-0.1227905377745628,0.9999445676803588,jump
19,LEFT_ELBOW,0.5640784502029419,0.3538014888763428,-0.0930279046297073,0.9929771423339844,jump
19,RIGHT_ELBOW,0.4275141358375549,0.3477047085762024,-0.09750996530056,0.988881289958954,jump
19,LEFT_WRIST,0.5721518993377686,0.4598762989044189,-0.1915818154811859,0.9950456023216248,jump
19,RIGHT_WRIST,0.4091573357582092,0.4516695141792297,-0.192128986120224,0.9937596917152404,jump
19,LEFT_PINKY,0.5743816494941711,0.4917126595973968,-0.220536783337593,0.9918707609176636,jump
19,RIGHT_PINKY,0.4072631001472473,0.4911811351776123,-0.2232155054807663,0.9893712997436525,jump
19,LEFT_INDEX,0.5700207352638245,0.4932314455509186,-0.2554154396057129,0.9927920699119568,jump
19,RIGHT_INDEX,0.4093603491783142,0.4905171990394592,-0.2579616904258728,0.990528404712677,jump
19,LEFT_THUMB,0.5659163594245911,0.484019011259079,-0.2065770924091339,0.9901574850082396,jump
19,RIGHT_THUMB,0.4135278165340423,0.475760281085968,-0.2091403752565384,0.9873725175857544,jump
19,LEFT_HIP,0.5180249810218811,0.4705607891082763,0.0063826269470155,0.9999868273735046,jump
19,RIGHT_HIP,0.4666008949279785,0.469238668680191,-0.0066422568634152,0.9999852776527404,jump
19,LEFT_KNEE,0.521550178527832,0.6566467881202698,0.0159055292606353,0.9784790873527528,jump
19,RIGHT_KNEE,0.4679093956947326,0.6594052910804749,0.0104321129620075,0.975796401500702,jump
19,LEFT_ANKLE,0.5223637819290161,0.8175069093704224,0.1933507472276687,0.9771049618721008,jump
19,RIGHT_ANKLE,0.4665504395961761,0.8221957683563232,0.1691000908613205,0.9807993769645692,jump
19,LEFT_HEEL,0.5191629528999329,0.829022228717804,0.2033677995204925,0.8098839521408081,jump
19,RIGHT_HEEL,0.4680139124393463,0.8301301598548889,0.179237350821495,0.799976646900177,jump
19,LEFT_FOOT_INDEX,0.5284639596939087,0.8856964111328125,0.0750753656029701,0.979290783405304,jump
19,RIGHT_FOOT_INDEX,0.4620086550712585,0.8871914148330688,0.0515844449400901,0.9764137864112854,jump
20,NOSE,0.4994623064994812,0.1136751100420951,-0.3277834355831146,0.9999344944953918,jump
20,LEFT_EYE_INNER,0.5041002631187439,0.0979339182376861,-0.3116551041603088,0.999864101409912,jump
20,LEFT_EYE,0.5083027482032776,0.0984114333987236,-0.3119462132453918,0.9998356699943542,jump
20,LEFT_EYE_OUTER,0.5123038291931152,0.0988172516226768,-0.311907947063446,0.9998937249183656,jump
20,RIGHT_EYE_INNER,0.4938501417636871,0.0979330912232399,-0.3118407130241394,0.999901533126831,jump
20,RIGHT_EYE,0.4908484816551208,0.0987608730792999,-0.3121443390846252,0.9998982548713684,jump
20,RIGHT_EYE_OUTER,0.4879817068576813,0.0994071438908577,-0.3122908174991607,0.9999301433563232,jump
20,LEFT_EAR,0.5168923139572144,0.109052762389183,-0.2059664726257324,0.999880075454712,jump
20,RIGHT_EAR,0.4837617874145508,0.1097013652324676,-0.2058991193771362,0.9997900724411012,jump
20,MOUTH_LEFT,0.505551278591156,0.1328180730342865,-0.2855030000209808,0.9998623728752136,jump
20,MOUTH_RIGHT,0.4943543374538421,0.1337010562419891,-0.2873147428035736,0.9998596906661988,jump
20,LEFT_SHOULDER,0.5438249111175537,0.2344936579465866,-0.1268790960311889,0.9999801516532898,jump
20,RIGHT_SHOULDER,0.4508086740970611,0.2275132238864898,-0.1207986250519752,0.9999485611915588,jump
20,LEFT_ELBOW,0.5653471350669861,0.3565738797187805,-0.0854113548994064,0.9932504892349244,jump
20,RIGHT_ELBOW,0.4266751706600189,0.3504492938518524,-0.0956770777702331,0.9888132214546204,jump
20,LEFT_WRIST,0.572752833366394,0.461811363697052,-0.1820742785930633,0.9952698945999146,jump
20,RIGHT_WRIST,0.4085000157356262,0.452329933643341,-0.1906012445688247,0.9937237501144408,jump
20,LEFT_PINKY,0.5753337144851685,0.4934667944908142,-0.210376501083374,0.9920935034751892,jump
20,RIGHT_PINKY,0.4067737162113189,0.4916364550590515,-0.2218639403581619,0.9890584349632264,jump
20,LEFT_INDEX,0.5707926750183105,0.4948266744613647,-0.2450693100690841,0.9930213689804076,jump
20,RIGHT_INDEX,0.4087762832641601,0.4912517666816711,-0.2560060620307922,0.9903260469436646,jump
20,LEFT_THUMB,0.566785991191864,0.4860005974769592,-0.1968776285648346,0.9904326796531676,jump
20,RIGHT_THUMB,0.4129596650600433,0.4775084257125854,-0.207597017288208,0.9871333241462708,jump
20,LEFT_HIP,0.5186474919319153,0.4727896749973297,0.0057159843854606,0.9999867081642152,jump
20,RIGHT_HIP,0.4670405983924866,0.4716998338699341,-0.0059757241979241,0.9999851584434508,jump
20,LEFT_KNEE,0.5218990445137024,0.660259485244751,0.0169781558215618,0.9786266684532166,jump
20,RIGHT_KNEE,0.4685962200164795,0.6615182757377625,0.0025051315315067,0.9764103889465332,jump
20,LEFT_ANKLE,0.5223079323768616,0.8158378601074219,0.2012943476438522,0.9769065976142884,jump
20,RIGHT_ANKLE,0.4665687084197998,0.8251344561576843,0.1547515094280243,0.9814795255661012,jump
20,LEFT_HEEL,0.5188504457473755,0.8278219699859619,0.2123009264469146,0.7991971373558044,jump
20,RIGHT_HEEL,0.4681322574615478,0.8335984349250793,0.1644241362810135,0.7971723675727844,jump
20,LEFT_FOOT_INDEX,0.5288553833961487,0.8858221173286438,0.0872666090726852,0.9790658950805664,jump
20,RIGHT_FOOT_INDEX,0.4620030522346496,0.8896040916442871,0.0362499020993709,0.9771525263786316,jump
21,NOSE,0.4993628859519958,0.1218286827206611,-0.3187872469425201,0.9999387860298156,jump
21,LEFT_EYE_INNER,0.5040373802185059,0.106733039021492,-0.3021672070026397,0.9998711943626404,jump
21,LEFT_EYE,0.5082085132598877,0.107280284166336,-0.302456796169281,0.99984472990036,jump
21,LEFT_EYE_OUTER,0.5121819376945496,0.1077963933348655,-0.302418053150177,0.9998992681503296,jump
21,RIGHT_EYE_INNER,0.4937705993652344,0.1064138486981391,-0.3028222322463989,0.9999072551727296,jump
21,RIGHT_EYE,0.4907668232917785,0.1070351526141166,-0.3031202256679535,0.9999046921730042,jump
21,RIGHT_EYE_OUTER,0.4879123568534851,0.1075827628374099,-0.303266167640686,0.9999343752861024,jump
21,LEFT_EAR,0.5167157053947449,0.1173855811357498,-0.1962819993495941,0.9998858571052552,jump
21,RIGHT_EAR,0.4836746752262115,0.1174603775143623,-0.198194533586502,0.9997994303703308,jump
21,MOUTH_LEFT,0.505464494228363,0.1409447491168975,-0.2764433324337005,0.9998741149902344,jump
21,MOUTH_RIGHT,0.494277149438858,0.1413786113262176,-0.2789011597633362,0.999871790409088,jump
21,LEFT_SHOULDER,0.544045627117157,0.2402846217155456,-0.1167899966239929,0.9999816417694092,jump
21,RIGHT_SHOULDER,0.4514296948909759,0.2343702763319015,-0.1171839013695716,0.9999522566795348,jump
21,LEFT_ELBOW,0.565479040145874,0.3618850708007812,-0.0837266519665718,0.9934307336807252,jump
21,RIGHT_ELBOW,0.4264398217201233,0.3569376766681671,-0.0731214731931686,0.9888338446617126,jump
21,LEFT_WRIST,0.5727983713150024,0.4662148356437683,-0.166666954755783,0.9955340027809144,jump
21,RIGHT_WRIST,0.4083171784877777,0.4602593779563904,-0.1503039002418518,0.9938675165176392,jump
21,LEFT_PINKY,0.5762470960617065,0.4982543587684631,-0.1918496042490005,0.9924366474151612,jump
21,RIGHT_PINKY,0.4063479006290436,0.4987183511257171,-0.1790162473917007,0.9891133904457092,jump
21,LEFT_INDEX,0.5718285441398621,0.4990885853767395,-0.228436678647995,0.9933485388755798,jump
21,RIGHT_INDEX,0.4084572196006775,0.4979566931724548,-0.2138586789369583,0.9904282093048096,jump
21,LEFT_THUMB,0.5676778554916382,0.4899530112743377,-0.1819052845239639,0.990855634212494,jump
21,RIGHT_THUMB,0.4125458300113678,0.4842144846916199,-0.1669111549854278,0.9872839450836182,jump
21,LEFT_HIP,0.5190114974975586,0.4804328083992004,0.0059147546999156,0.9999862313270568,jump
21,RIGHT_HIP,0.4680007398128509,0.4797294735908508,-0.006170212291181,0.9999847412109376,jump
21,LEFT_KNEE,0.5220696330070496,0.6633140444755554,0.0189321972429752,0.9766879677772522,jump
21,RIGHT_KNEE,0.4689827859401703,0.6659339666366577,5.9394769778009504e-05,0.975966215133667,jump
21,LEFT_ANKLE,0.5219472646713257,0.8162538409233093,0.2042362987995147,0.9748477935791016,jump
21,RIGHT_ANKLE,0.4665694236755371,0.8329737186431885,0.1573491841554641,0.9813272953033448,jump
21,LEFT_HEEL,0.5187408328056335,0.8301823735237122,0.2164228707551956,0.7828052639961243,jump
21,RIGHT_HEEL,0.4682351052761078,0.8424664735794067,0.1677674800157547,0.7876477241516113,jump
21,LEFT_FOOT_INDEX,0.5288016200065613,0.891251266002655,0.1005895733833313,0.9772351980209352,jump
21,RIGHT_FOOT_INDEX,0.4628023505210876,0.9013159275054932,0.043563362210989,0.9768170118331908,jump
22,NOSE,0.4993027746677398,0.13972108066082,-0.320285439491272,0.999942421913147,jump
22,LEFT_EYE_INNER,0.503993809223175,0.1205978319048881,-0.3036644756793976,0.9998772144317628,jump
22,LEFT_EYE,0.5081346035003662,0.1215645968914032,-0.3039523363113403,0.999851942062378,jump
22,LEFT_EYE_OUTER,0.5121070146560669,0.1228345781564712,-0.3039062619209289,0.9999033808708192,jump
22,RIGHT_EYE_INNER,0.4937295913696289,0.120364986360073,-0.3042743802070617,0.999912440776825,jump
22,RIGHT_EYE,0.4907330870628357,0.1211902797222137,-0.3045732378959656,0.9999104738235474,jump
22,RIGHT_EYE_OUTER,0.4878892004489898,0.1220438778400421,-0.3047258853912353,0.9999382495880128,jump
22,LEFT_EAR,0.5165978670120239,0.1312698870897293,-0.198370948433876,0.9998892545700072,jump
22,RIGHT_EAR,0.4835988581180572,0.1328653693199157,-0.20000621676445,0.9998082518577576,jump
22,MOUTH_LEFT,0.5054073333740234,0.1612204760313034,-0.2782485485076904,0.9998837113380432,jump
22,MOUTH_RIGHT,0.4942483901977539,0.1626968085765838,-0.280553936958313,0.9998819231987,jump
22,LEFT_SHOULDER,0.5442471504211426,0.2533952891826629,-0.1195924505591392,0.999982476234436,jump
22,RIGHT_SHOULDER,0.4516320824623108,0.2472704797983169,-0.120677426457405,0.999955117702484,jump
22,LEFT_ELBOW,0.5669565200805664,0.3794984221458435,-0.0848541259765625,0.9929158687591552,jump
22,RIGHT_ELBOW,0.4263174533843994,0.364763468503952,-0.0865513533353805,0.9885554909706116,jump
22,LEFT_WRIST,0.5733956098556519,0.4853237569332123,-0.1786435693502426,0.9951179027557372,jump
22,RIGHT_WRIST,0.4082131385803222,0.4747931063175201,-0.1633904725313186,0.9937286972999572,jump
22,LEFT_PINKY,0.576582133769989,0.5168830156326294,-0.2053241431713104,0.9915418028831482,jump
22,RIGHT_PINKY,0.4059650003910064,0.5137303471565247,-0.1969174742698669,0.9885141849517822,jump
22,LEFT_INDEX,0.571639358997345,0.5186705589294434,-0.2388942688703537,0.99262273311615,jump
22,RIGHT_INDEX,0.4083152413368225,0.5147601366043091,-0.2301297485828399,0.989964485168457,jump
22,LEFT_THUMB,0.5675889253616333,0.5085840821266174,-0.1928945928812027,0.9898253083229064,jump
22,RIGHT_THUMB,0.4122389853000641,0.499912291765213,-0.1801571696996688,0.9866802096366882,jump
22,LEFT_HIP,0.5197274684906006,0.4927169680595398,0.0058485781773924,0.99998539686203,jump
22,RIGHT_HIP,0.4690073430538177,0.4940753877162933,-0.0060981987044215,0.9999842047691344,jump
22,LEFT_KNEE,0.5220819711685181,0.6724416017532349,0.0193213578313589,0.9742208123207092,jump
22,RIGHT_KNEE,0.4692444205284118,0.6742045283317566,0.0022398107685148,0.9740540981292723,jump
22,LEFT_ANKLE,0.5217844247817993,0.8309046626091003,0.2104423493146896,0.9732514023780824,jump
22,RIGHT_ANKLE,0.4665544033050537,0.8392255902290344,0.1695524156093597,0.9803786873817444,jump
22,LEFT_HEEL,0.5183283090591431,0.8406209945678711,0.2226657420396804,0.7689375281333923,jump
22,RIGHT_HEEL,0.4682486653327942,0.8461049199104309,0.1826394200325012,0.7752285003662109,jump
22,LEFT_FOOT_INDEX,0.5287984609603882,0.9043310284614564,0.1050407737493515,0.9756929874420166,jump
22,RIGHT_FOOT_INDEX,0.4626812040805816,0.9081948399543762,0.0624002926051616,0.9756184816360474,jump
23,NOSE,0.4976018071174621,0.175490990281105,-0.3376808166503906,0.9999470710754396,jump
23,LEFT_EYE_INNER,0.5028178691864014,0.1576742678880691,-0.323064386844635,0.9998866319656372,jump
23,LEFT_EYE,0.5070443749427795,0.1581638306379318,-0.323361337184906,0.9998632073402404,jump
23,LEFT_EYE_OUTER,0.5109413862228394,0.1581688821315765,-0.3233088850975036,0.9999104738235474,jump
23,RIGHT_EYE_INNER,0.4928597807884216,0.1567080169916153,-0.3220594525337219,0.9999194145202636,jump
23,RIGHT_EYE,0.4900499284267425,0.156625434756279,-0.3223550915718078,0.99991774559021,jump
23,RIGHT_EYE_OUTER,0.487259954214096,0.1565299332141876,-0.3225078284740448,0.999943196773529,jump
23,LEFT_EAR,0.5160143375396729,0.1645248085260391,-0.2236210852861404,0.9998967051506042,jump
23,RIGHT_EAR,0.4833295345306396,0.1648402661085128,-0.2177371233701706,0.9998217225074768,jump
23,MOUTH_LEFT,0.503751814365387,0.1936011463403701,-0.2974874973297119,0.9998937249183656,jump
23,MOUTH_RIGHT,0.4933509826660156,0.1941264867782592,-0.2975981533527374,0.999892234802246,jump
23,LEFT_SHOULDER,0.5441923141479492,0.2802127599716186,-0.1456928104162216,0.9999833703041076,jump
23,RIGHT_SHOULDER,0.4516640305519104,0.2845985293388366,-0.1351856291294098,0.999958038330078,jump
23,LEFT_ELBOW,0.5682237148284912,0.3993986845016479,-0.114278458058834,0.993140995502472,jump
23,RIGHT_ELBOW,0.42545086145401,0.396362841129303,-0.1125534623861312,0.9888375997543336,jump
23,LEFT_WRIST,0.5734255909919739,0.5087254643440247,-0.2063074111938476,0.9951384663581848,jump
23,RIGHT_WRIST,0.4074645638465881,0.5047534704208374,-0.1965656280517578,0.993861734867096,jump
23,LEFT_PINKY,0.5764371156692505,0.5424639582633972,-0.2339955568313598,0.9913887977600098,jump
23,RIGHT_PINKY,0.4061886370182037,0.5471578240394592,-0.2284858971834182,0.988441288471222,jump
23,LEFT_INDEX,0.571199893951416,0.5447753071784973,-0.2658084034919739,0.9925017952919006,jump
23,RIGHT_INDEX,0.4083134233951568,0.546413779258728,-0.2582719624042511,0.9899269938468932,jump
23,LEFT_THUMB,0.5670449733734131,0.5336265563964844,-0.2196986228227615,0.9896183013916016,jump
23,RIGHT_THUMB,0.4118728041648865,0.5296284556388855,-0.2116735428571701,0.9866176843643188,jump
23,LEFT_HIP,0.5199832916259766,0.5186938643455505,0.0034339863341301,0.9999855756759644,jump
23,RIGHT_HIP,0.4694499373435974,0.5185391902923584,-0.0036791539750993,0.9999845027923584,jump
23,LEFT_KNEE,0.5220798254013062,0.6920669078826904,0.0269098095595836,0.9752525687217712,jump
23,RIGHT_KNEE,0.4695211350917816,0.687994122505188,0.0218869410455226,0.9748185873031616,jump
23,LEFT_ANKLE,0.5217310190200806,0.8398380875587463,0.2189771234989166,0.9742985963821412,jump
23,RIGHT_ANKLE,0.4671038091182709,0.8476070165634155,0.1883812695741653,0.9813295006752014,jump
23,LEFT_HEEL,0.5179833769798279,0.8503744602203369,0.231115460395813,0.7726998329162598,jump
23,RIGHT_HEEL,0.4707993865013122,0.8597608208656311,0.2000550329685211,0.7828242778778076,jump
23,LEFT_FOOT_INDEX,0.5297989845275879,0.9093650579452516,0.119117759168148,0.9763925671577454,jump
23,RIGHT_FOOT_INDEX,0.4611628651618957,0.9106668829917908,0.0863425135612487,0.9766741394996644,jump
24,NOSE,0.4974944591522217,0.199798971414566,-0.3003799319267273,0.9999512434005736,jump
24,LEFT_EYE_INNER,0.5027931332588196,0.1830168217420578,-0.2855487167835235,0.9998952746391296,jump
24,LEFT_EYE,0.5069705247879028,0.1834124624729156,-0.2858549654483795,0.999873697757721,jump
24,LEFT_EYE_OUTER,0.5108622908592224,0.1836504191160202,-0.2858106195926666,0.9999171495437622,jump
24,RIGHT_EYE_INNER,0.4926682412624359,0.182801604270935,-0.2856437265872955,0.9999256730079652,jump
24,RIGHT_EYE,0.4898999333381653,0.1831443011760711,-0.285922110080719,0.9999242424964904,jump
24,RIGHT_EYE_OUTER,0.4871188998222351,0.1835686862468719,-0.2860639989376068,0.9999475479125975,jump
24,LEFT_EAR,0.5157221555709839,0.1926232278347015,-0.1941209435462951,0.999904453754425,jump
24,RIGHT_EAR,0.4829801619052887,0.1927963644266128,-0.1924791634082794,0.9998342394828796,jump
24,MOUTH_LEFT,0.5037516355514526,0.2190029323101043,-0.2630667090415954,0.9999029040336608,jump
24,MOUTH_RIGHT,0.4931604266166687,0.2182960510253906,-0.2645732462406158,0.9999015927314758,jump
24,LEFT_SHOULDER,0.5441384315490723,0.3110623061656952,-0.144896849989891,0.9999843835830688,jump
24,RIGHT_SHOULDER,0.4518519341945648,0.3115929365158081,-0.1228131875395774,0.9999603033065796,jump
24,LEFT_ELBOW,0.5690267086029053,0.4245067238807678,-0.0947848707437515,0.9934259057044984,jump
24,RIGHT_ELBOW,0.4250457882881164,0.4242916405200958,-0.1054136306047439,0.9888176918029784,jump
24,LEFT_WRIST,0.5731570720672607,0.5310709476470947,-0.2036549597978592,0.9953942894935608,jump
24,RIGHT_WRIST,0.4076786935329437,0.5335980653762817,-0.1901256740093231,0.993953287601471,jump
24,LEFT_PINKY,0.5761581659317017,0.5660713315010071,-0.226767212152481,0.9917975068092346,jump
24,RIGHT_PINKY,0.4064995348453522,0.5747581720352173,-0.2197788953781128,0.9885196089744568,jump
24,LEFT_INDEX,0.5707641839981079,0.5676409602165222,-0.2464764863252639,0.9928595423698424,jump
24,RIGHT_INDEX,0.4086780548095703,0.5748005509376526,-0.2467140406370163,0.9900076985359192,jump
24,LEFT_THUMB,0.56670081615448,0.5559219717979431,-0.2118900567293167,0.9900848865509032,jump
24,RIGHT_THUMB,0.4121304452419281,0.5621656775474548,-0.2035500556230545,0.9867336750030518,jump
24,LEFT_HIP,0.5199543237686157,0.5566985011100769,0.0023539531975984,0.9999857544898988,jump
24,RIGHT_HIP,0.4694486558437347,0.5550881028175354,-0.0025966563262045,0.9999844431877136,jump
24,LEFT_KNEE,0.5220054984092712,0.7238838076591492,0.0414003767073154,0.976396143436432,jump
24,RIGHT_KNEE,0.4694283008575439,0.7153564691543579,0.042282648384571,0.9750205874443054,jump
24,LEFT_ANKLE,0.5214365124702454,0.8488878011703491,0.2359482496976852,0.9755079746246338,jump
24,RIGHT_ANKLE,0.4691475331783294,0.8548262119293213,0.2223939001560211,0.9818849563598632,jump
24,LEFT_HEEL,0.5155695676803589,0.8597235083580017,0.2489834725856781,0.7810171246528625,jump
24,RIGHT_HEEL,0.4755995273590088,0.8685097694396973,0.2358419150114059,0.7902926206588745,jump
24,LEFT_FOOT_INDEX,0.5302398204803467,0.9121087193489076,0.1506503522396087,0.9772395491600036,jump
24,RIGHT_FOOT_INDEX,0.4606547355651855,0.9108939170837402,0.1398883163928985,0.977291464805603,jump
25,NOSE,0.497153103351593,0.2147631794214248,-0.3333725333213806,0.9999552965164183,jump
25,LEFT_EYE_INNER,0.5025361180305481,0.2005950659513473,-0.3151028454303741,0.9999038577079772,jump
25,LEFT_EYE,0.5065653920173645,0.2015761882066726,-0.3154304921627044,0.999884068965912,jump
25,LEFT_EYE_OUTER,0.5100707411766052,0.2025056630373001,-0.3153912127017975,0.9999237656593324,jump
25,RIGHT_EYE_INNER,0.4923865795135498,0.1994211375713348,-0.3148777186870575,0.999931812286377,jump
25,RIGHT_EYE,0.4895899295806885,0.2000332921743393,-0.3151358962059021,0.9999305605888368,jump
25,RIGHT_EYE_OUTER,0.4867366850376129,0.2006489187479019,-0.3152830004692077,0.9999517798423768,jump
25,LEFT_EAR,0.5144351720809937,0.2108724415302276,-0.2083519995212555,0.9999121427536012,jump
25,RIGHT_EAR,0.4820955693721771,0.2099467366933822,-0.2063251733779907,0.9998463988304138,jump
25,MOUTH_LEFT,0.5030587911605835,0.2334579229354858,-0.2914260029792785,0.9999114871025084,jump
25,MOUTH_RIGHT,0.4926958084106445,0.2329653203487396,-0.2925398349761963,0.9999102354049684,jump
25,LEFT_SHOULDER,0.5431864261627197,0.328336238861084,-0.1407302916049957,0.9999851584434508,jump
25,RIGHT_SHOULDER,0.452082484960556,0.3303312957286834,-0.1277532279491424,0.999962329864502,jump
25,LEFT_ELBOW,0.5688363313674927,0.4460864067077636,-0.1074285879731178,0.993667721748352,jump
25,RIGHT_ELBOW,0.425496906042099,0.4458462297916412,-0.1238259077072143,0.9890369772911072,jump
25,LEFT_WRIST,0.5735933780670166,0.5539683699607849,-0.2025461196899414,0.9954628944396972,jump
25,RIGHT_WRIST,0.4080661833286285,0.5529378652572632,-0.2323154211044311,0.9941484332084656,jump
25,LEFT_PINKY,0.5762609839439392,0.5885700583457947,-0.2315792143344879,0.991843044757843,jump
25,RIGHT_PINKY,0.4065431952476501,0.5925202965736389,-0.2690615057945251,0.9887758493423462,jump
25,LEFT_INDEX,0.5705482959747314,0.5915040969848633,-0.2612853050231933,0.992898166179657,jump
25,RIGHT_INDEX,0.4087738990783691,0.5927976369857788,-0.2979150116443634,0.9902334213256836,jump
25,LEFT_THUMB,0.5664044618606567,0.5799437761306763,-0.2154133021831512,0.990126371383667,jump
25,RIGHT_THUMB,0.412337064743042,0.5791422128677368,-0.2476838529109954,0.9870246052742004,jump
25,LEFT_HIP,0.5199326276779175,0.5703260898590088,0.0005563716404139,0.9999863505363464,jump
25,RIGHT_HIP,0.4699840545654297,0.5685720443725586,-0.0007964395917952,0.9999850392341614,jump
25,LEFT_KNEE,0.5218387842178345,0.7255641222000122,0.0686584636569023,0.9780862927436828,jump
25,RIGHT_KNEE,0.469696581363678,0.7206862568855286,0.0854360610246658,0.9759166836738586,jump
25,LEFT_ANKLE,0.5189447402954102,0.8496115803718567,0.3089454174041748,0.9772668480873108,jump
25,RIGHT_ANKLE,0.4708150327205658,0.8536218404769897,0.3125286698341369,0.98296856880188,jump
25,LEFT_HEEL,0.509787917137146,0.862514317035675,0.3265134692192077,0.7949896454811096,jump
25,RIGHT_HEEL,0.4777551293373108,0.8660988807678223,0.3302844166755676,0.8026939034461975,jump
25,LEFT_FOOT_INDEX,0.5303410291671753,0.9109021425247192,0.2262544631958007,0.978630542755127,jump
25,RIGHT_FOOT_INDEX,0.4598579406738281,0.9105144739151,0.2323402613401413,0.9784066677093506,jump
26,NOSE,0.4967638552188873,0.2232968509197235,-0.3287111818790436,0.9999588131904602,jump
26,LEFT_EYE_INNER,0.5022615790367126,0.208771139383316,-0.3108830749988556,0.9999112486839294,jump
26,LEFT_EYE,0.5062932968139648,0.2098920345306396,-0.3111749291419983,0.9998930096626282,jump
26,LEFT_EYE_OUTER,0.5096197724342346,0.2107587605714798,-0.3111200332641601,0.999929428100586,jump
26,RIGHT_EYE_INNER,0.491950660943985,0.2071913778781891,-0.3119881153106689,0.999937117099762,jump
26,RIGHT_EYE,0.4890328049659729,0.2075339704751968,-0.312295526266098,0.9999361038208008,jump
26,RIGHT_EYE_OUTER,0.4860072135925293,0.208208680152893,-0.3124413788318634,0.9999554753303528,jump
26,LEFT_EAR,0.5136147737503052,0.2188301682472229,-0.2039113491773605,0.9999189376831056,jump
26,RIGHT_EAR,0.4812506139278412,0.2184264659881591,-0.2057445049285888,0.9998569488525392,jump
26,MOUTH_LEFT,0.5028654932975769,0.2430758327245712,-0.2859301567077636,0.9999191164970398,jump
26,MOUTH_RIGHT,0.4916533529758453,0.2407023757696151,-0.2884992659091949,0.9999178647994996,jump
26,LEFT_SHOULDER,0.5419541597366333,0.3330044746398926,-0.1338891386985778,0.999985933303833,jump
26,RIGHT_SHOULDER,0.4523852467536926,0.3355953097343445,-0.1271651685237884,0.9999642372131348,jump
26,LEFT_ELBOW,0.5686187148094177,0.452585220336914,-0.10144654661417,0.9936569929122924,jump
26,RIGHT_ELBOW,0.4274447858333587,0.4558708071708679,-0.1161022409796714,0.9885700941085817,jump
26,LEFT_WRIST,0.5734302401542664,0.5613911151885986,-0.1913619041442871,0.995257556438446,jump
26,RIGHT_WRIST,0.4115893244743347,0.5610688924789429,-0.2211964577436447,0.9940223693847656,jump
26,LEFT_PINKY,0.5760450959205627,0.5952567458152771,-0.2198048084974289,0.9914458394050598,jump
26,RIGHT_PINKY,0.4089570939540863,0.6018161177635193,-0.2567925155162811,0.9885084629058838,jump
26,LEFT_INDEX,0.5701043605804443,0.596220076084137,-0.2511108219623565,0.9925516843795776,jump
26,RIGHT_INDEX,0.4106967449188232,0.6006187200546265,-0.285732239484787,0.9899985194206238,jump
26,LEFT_THUMB,0.566098153591156,0.5852198004722595,-0.204800084233284,0.989650547504425,jump
26,RIGHT_THUMB,0.4149951338768005,0.5862359404563904,-0.2365659475326538,0.986730933189392,jump
26,LEFT_HIP,0.5198973417282104,0.5748999118804932,-0.000995414564386,0.9999869465827942,jump
26,RIGHT_HIP,0.4703482687473297,0.5749441385269165,0.0007678493275307,0.9999856352806092,jump
26,LEFT_KNEE,0.5215403437614441,0.7279695272445679,0.0926309749484062,0.979397475719452,jump
26,RIGHT_KNEE,0.4701015949249267,0.7283335328102112,0.0991601347923278,0.9764493107795716,jump
26,LEFT_ANKLE,0.5177199244499207,0.8521214723587036,0.3340257406234741,0.978645920753479,jump
26,RIGHT_ANKLE,0.4720994830131531,0.8535268902778625,0.3185643851757049,0.9837884306907654,jump
26,LEFT_HEEL,0.5075637102127075,0.8645622134208679,0.3517583608627319,0.8061628937721252,jump
26,RIGHT_HEEL,0.4794390201568603,0.8654016852378845,0.3355653285980224,0.8126699328422546,jump
26,LEFT_FOOT_INDEX,0.5306891798973083,0.9100652933120728,0.2561321258544922,0.9796081781387328,jump
26,RIGHT_FOOT_INDEX,0.4598404467105865,0.9102154970169068,0.2394394129514694,0.9791524410247804,jump
27,NOSE,0.4960184097290039,0.2279627323150634,-0.3254566192626953,0.999962329864502,jump
27,LEFT_EYE_INNER,0.501911997795105,0.2137914448976516,-0.3060487806797027,0.9999187588691713,jump
27,LEFT_EYE,0.5059415698051453,0.2141734063625335,-0.3063506484031677,0.9999021291732788,jump
27,LEFT_EYE_OUTER,0.5090270042419434,0.214413434267044,-0.3063105046749115,0.999935269355774,jump
27,RIGHT_EYE_INNER,0.4913369715213775,0.2128101289272308,-0.3080762922763824,0.9999425411224364,jump
27,RIGHT_EYE,0.4883504509925842,0.2130466103553772,-0.3083599507808685,0.9999417066574096,jump
27,RIGHT_EYE_OUTER,0.4853247106075287,0.2129687815904617,-0.3085072636604309,0.9999592900276184,jump
27,LEFT_EAR,0.5127732753753662,0.221536323428154,-0.196382075548172,0.9999257922172546,jump
27,RIGHT_EAR,0.4808064997196197,0.2206971645355224,-0.2021224051713943,0.9998688101768494,jump
27,MOUTH_LEFT,0.5023960471153259,0.245812714099884,-0.2817243933677673,0.999926507472992,jump
27,MOUTH_RIGHT,0.4913389086723327,0.2441072314977646,-0.2856531739234924,0.999925434589386,jump
27,LEFT_SHOULDER,0.5414066314697266,0.3336866497993469,-0.1192383393645286,0.99998676776886,jump
27,RIGHT_SHOULDER,0.4525743126869201,0.3344122469425201,-0.124723419547081,0.99996680021286,jump
27,LEFT_ELBOW,0.5638880133628845,0.449573814868927,-0.0761565119028091,0.9937548637390136,jump
27,RIGHT_ELBOW,0.4305204749107361,0.4563816785812378,-0.1163627132773399,0.9891932010650636,jump
27,LEFT_WRIST,0.5705761909484863,0.5565402507781982,-0.1590629518032074,0.9954192638397216,jump
27,RIGHT_WRIST,0.4159349799156189,0.564520537853241,-0.2192313969135284,0.9943972826004028,jump
27,LEFT_PINKY,0.5727704167366028,0.5903695225715637,-0.1842517554759979,0.991711974143982,jump
27,RIGHT_PINKY,0.412264734506607,0.5997799634933472,-0.2545488476753235,0.9891568422317504,jump
27,LEFT_INDEX,0.5681873559951782,0.5915992856025696,-0.218370109796524,0.992793619632721,jump
27,RIGHT_INDEX,0.4143214225769043,0.5999702215194702,-0.2834866344928741,0.990567982196808,jump
27,LEFT_THUMB,0.565004289150238,0.5811576247215271,-0.1736249923706054,0.9899871349334716,jump
27,RIGHT_THUMB,0.4184948801994324,0.5877119302749634,-0.2343608886003494,0.987461805343628,jump
27,LEFT_HIP,0.520075798034668,0.5749874711036682,0.002301714150235,0.9999874830245972,jump
27,RIGHT_HIP,0.4718524813652038,0.5709988474845886,-0.0025455853901803,0.9999862909317015,jump
27,LEFT_KNEE,0.5215126276016235,0.727618932723999,0.0726623684167862,0.980980634689331,jump
27,RIGHT_KNEE,0.4706125259399414,0.7259690761566162,0.0706807821989059,0.9779914617538452,jump
27,LEFT_ANKLE,0.5163372159004211,0.8517132997512817,0.2994145154953003,0.9802284836769104,jump
27,RIGHT_ANKLE,0.4727143347263336,0.8549376726150513,0.2734373211860657,0.9849613308906556,jump
27,LEFT_HEEL,0.506537914276123,0.864620566368103,0.3157844543457031,0.8188385963439941,jump
27,RIGHT_HEEL,0.4797319769859314,0.867533266544342,0.2887002825736999,0.8242175579071045,jump
27,LEFT_FOOT_INDEX,0.530683696269989,0.9095167517662048,0.2149636447429657,0.9810295701026917,jump
27,RIGHT_FOOT_INDEX,0.4598686695098877,0.9099918603897096,0.1857405602931976,0.9805486798286438,jump
28,NOSE,0.4963393211364746,0.2230312824249267,-0.3228009939193725,0.999965250492096,jump
28,LEFT_EYE_INNER,0.5020351409912109,0.2079695165157318,-0.3044376075267792,0.9999249577522278,jump
28,LEFT_EYE,0.5059599876403809,0.2080886662006378,-0.3047413229942322,0.9999096393585204,jump
28,LEFT_EYE_OUTER,0.5090757608413696,0.2080838084220886,-0.3047040700912475,0.9999399781227112,jump
28,RIGHT_EYE_INNER,0.4914013743400574,0.2088512629270553,-0.3060332834720611,0.9999470710754396,jump
28,RIGHT_EYE,0.4883650839328766,0.2095070779323578,-0.3063117861747741,0.9999464750289916,jump
28,RIGHT_EYE_OUTER,0.4853292107582092,0.2100691199302673,-0.3064617216587066,0.9999625086784364,jump
28,LEFT_EAR,0.5127569437026978,0.2149115949869156,-0.1961457580327987,0.9999316334724426,jump
28,RIGHT_EAR,0.4808009266853332,0.2180591374635696,-0.2021363079547882,0.9998791217803956,jump
28,MOUTH_LEFT,0.5026611089706421,0.2401323765516281,-0.2799716591835022,0.999933123588562,jump
28,MOUTH_RIGHT,0.4916585385799408,0.2401217520236969,-0.2834070324897766,0.9999321699142456,jump
28,LEFT_SHOULDER,0.5413969159126282,0.3282980918884277,-0.1181226372718811,0.999987542629242,jump
28,RIGHT_SHOULDER,0.4525590538978576,0.3318298161029815,-0.1287598013877868,0.9999691843986512,jump
28,LEFT_ELBOW,0.5621180534362793,0.4467989206314087,-0.0752362981438636,0.9937658905982972,jump
28,RIGHT_ELBOW,0.4348661005496979,0.455582857131958,-0.1241115108132362,0.9897662997245787,jump
28,LEFT_WRIST,0.5682481527328491,0.5507635474205017,-0.1622332036495208,0.9955015778541564,jump
28,RIGHT_WRIST,0.421422004699707,0.5623610019683838,-0.2308261394500732,0.994796335697174,jump
28,LEFT_PINKY,0.569351077079773,0.5849654078483582,-0.1886241137981414,0.9918790459632874,jump
28,RIGHT_PINKY,0.4187121391296386,0.5972971320152283,-0.2681776583194732,0.9899017214775084,jump
28,LEFT_INDEX,0.5652066469192505,0.5853549242019653,-0.2222388684749603,0.9929407835006714,jump
28,RIGHT_INDEX,0.4202819764614105,0.5970697402954102,-0.296560525894165,0.9912139177322388,jump
28,LEFT_THUMB,0.5621923208236694,0.5753679871559143,-0.1766519248485565,0.9901703596115112,jump
28,RIGHT_THUMB,0.4240821003913879,0.5853506922721863,-0.2456820756196975,0.9882736206054688,jump
28,LEFT_HIP,0.520483136177063,0.5692911148071289,0.0042139468714594,0.9999881982803344,jump
28,RIGHT_HIP,0.4722582697868347,0.56650710105896,-0.0044485842809081,0.9999871253967284,jump
28,LEFT_KNEE,0.5215035080909729,0.7246465086936951,0.078009083867073,0.9826022982597352,jump
28,RIGHT_KNEE,0.4706012606620788,0.724884569644928,0.0643184036016464,0.9797853231430054,jump
28,LEFT_ANKLE,0.515851616859436,0.8514807820320129,0.3144910037517547,0.9819298386573792,jump
28,RIGHT_ANKLE,0.4732114374637604,0.8563052415847778,0.268242746591568,0.9862418174743652,jump
28,LEFT_HEEL,0.5058785676956177,0.8654622435569763,0.331663429737091,0.833016037940979,jump
28,RIGHT_HEEL,0.4804674088954925,0.8697150945663452,0.2836427986621856,0.8376047611236572,jump
28,LEFT_FOOT_INDEX,0.5308972597122192,0.9094778895378112,0.2310777157545089,0.9825798273086548,jump
28,RIGHT_FOOT_INDEX,0.4596502780914306,0.9101958274841307,0.1790368109941482,0.9821119904518129,jump
29,NOSE,0.4959384500980377,0.2132619470357895,-0.3044533133506775,0.9999677538871764,jump
29,LEFT_EYE_INNER,0.5013591051101685,0.1980560570955276,-0.2876684069633484,0.999929904937744,jump
29,LEFT_EYE,0.5053146481513977,0.1984250545501709,-0.2879583537578583,0.9999157786369324,jump
29,LEFT_EYE_OUTER,0.5081796050071716,0.1987110078334808,-0.287928432226181,0.9999437928199768,jump
29,RIGHT_EYE_INNER,0.4910791516304016,0.1982066631317138,-0.2876121699810028,0.9999507069587708,jump
29,RIGHT_EYE,0.4880478978157043,0.1987340152263641,-0.287882000207901,0.9999504089355468,jump
29,RIGHT_EYE_OUTER,0.4849089980125427,0.199270099401474,-0.288027286529541,0.9999651312828064,jump
29,LEFT_EAR,0.5123435258865356,0.2060987949371338,-0.1842361241579055,0.9999364614486694,jump
29,RIGHT_EAR,0.4802117347717285,0.2077721208333969,-0.1829972565174102,0.9998872876167296,jump
29,MOUTH_LEFT,0.5020691752433777,0.2307547032833099,-0.2635508775711059,0.9999390244483948,jump
29,MOUTH_RIGHT,0.4913857579231262,0.2309034168720245,-0.2648411691188812,0.9999381303787231,jump
29,LEFT_SHOULDER,0.5414012670516968,0.322062075138092,-0.1132373809814453,0.9999883770942688,jump
29,RIGHT_SHOULDER,0.4522647261619568,0.3231227695941925,-0.1083299368619918,0.9999712109565736,jump
29,LEFT_ELBOW,0.5617757439613342,0.4392169415950775,-0.0797976106405258,0.9939147233963012,jump
29,RIGHT_ELBOW,0.4375150799751282,0.4450838267803192,-0.1068473309278488,0.9899889230728148,jump
29,LEFT_WRIST,0.5675437450408936,0.5440617799758911,-0.184102326631546,0.9955832958221436,jump
29,RIGHT_WRIST,0.4261178970336914,0.5515082478523254,-0.2224303483963012,0.9949961304664612,jump
29,LEFT_PINKY,0.5684604048728943,0.5779192447662354,-0.2152413427829742,0.9920142889022828,jump
29,RIGHT_PINKY,0.4246103167533874,0.5879083275794983,-0.2574067413806915,0.9902978539466858,jump
29,LEFT_INDEX,0.5635819435119629,0.5792901515960693,-0.2476605921983719,0.993059515953064,jump
29,RIGHT_INDEX,0.4265106320381164,0.5875028371810913,-0.2864980101585388,0.9915543794631958,jump
29,LEFT_THUMB,0.5602332949638367,0.5694414973258972,-0.198500707745552,0.9902886748313904,jump
29,RIGHT_THUMB,0.4295284152030945,0.575090229511261,-0.237344354391098,0.9886713027954102,jump
29,LEFT_HIP,0.5207986831665039,0.5621325969696045,0.0023472839966416,0.999988853931427,jump
29,RIGHT_HIP,0.4722124934196472,0.5597267746925354,-0.0025754771195352,0.9999878406524658,jump
29,LEFT_KNEE,0.5209764242172241,0.7215955853462219,0.0383994057774543,0.983988881111145,jump
29,RIGHT_KNEE,0.4707990288734436,0.7229365110397339,0.0535024516284465,0.9811983704566956,jump
29,LEFT_ANKLE,0.5159417390823364,0.8528676629066467,0.2501122057437897,0.9833330512046814,jump
29,RIGHT_ANKLE,0.4733852744102478,0.8579174280166626,0.2388892620801925,0.9872824549674988,jump
29,LEFT_HEEL,0.5062101483345032,0.8670197129249573,0.2642622590065002,0.8431841135025024,jump
29,RIGHT_HEEL,0.4802606999874115,0.8710781335830688,0.2519379258155823,0.8477103114128113,jump
29,LEFT_FOOT_INDEX,0.5308817028999329,0.9099185466766356,0.152860626578331,0.983867049217224,jump
29,RIGHT_FOOT_INDEX,0.4596420228481293,0.9103768467903136,0.1409840881824493,0.983398139476776,jump
30,NOSE,0.4956732392311096,0.2087173014879226,-0.324102520942688,0.9999703764915466,jump
30,LEFT_EYE_INNER,0.5012146234512329,0.1934756785631179,-0.3076912760734558,0.9999353289604188,jump
30,LEFT_EYE,0.5051990151405334,0.1939573734998703,-0.3079825043678283,0.9999224543571472,jump
30,LEFT_EYE_OUTER,0.5080538392066956,0.1943849325180053,-0.3079494535923004,0.999948024749756,jump
30,RIGHT_EYE_INNER,0.4909533560276031,0.1933394968509674,-0.3083919584751129,0.999954640865326,jump
30,RIGHT_EYE,0.4879257678985595,0.1938297748565673,-0.3086622059345245,0.9999545216560364,jump
30,RIGHT_EYE_OUTER,0.484735906124115,0.1943376809358596,-0.3088058829307556,0.9999679327011108,jump
30,LEFT_EAR,0.5120530128479004,0.2018665373325348,-0.2020158320665359,0.9999414682388306,jump
30,RIGHT_EAR,0.4800447523593902,0.2032016962766647,-0.204255074262619,0.9998960494995116,jump
30,MOUTH_LEFT,0.5017119646072388,0.2264656275510788,-0.2820144593715668,0.9999445676803588,jump
30,MOUTH_RIGHT,0.4909233450889587,0.2264488041400909,-0.2843236625194549,0.999943733215332,jump
30,LEFT_SHOULDER,0.5413835644721985,0.3166090548038482,-0.1249311119318008,0.9999891519546508,jump
30,RIGHT_SHOULDER,0.4519931375980377,0.3199488222599029,-0.1254429966211319,0.9999732375144958,jump
30,LEFT_ELBOW,0.5613357424736023,0.4350169003009796,-0.0945497527718544,0.994052231311798,jump
30,RIGHT_ELBOW,0.4384726881980896,0.4400023519992828,-0.1239429339766502,0.9902900457382202,jump
30,LEFT_WRIST,0.5675109028816223,0.5396372675895691,-0.1986310482025146,0.995636522769928,jump
30,RIGHT_WRIST,0.428927332162857,0.546467661857605,-0.2379286289215088,0.9952062368392944,jump
30,LEFT_PINKY,0.5679946541786194,0.5739756226539612,-0.2293352633714676,0.9920857548713684,jump
30,RIGHT_PINKY,0.427960455417633,0.584027886390686,-0.2753464877605438,0.9906941652297974,jump
30,LEFT_INDEX,0.5626853704452515,0.5736969709396362,-0.2624686360359192,0.9931265115737916,jump
30,RIGHT_INDEX,0.4299442172050476,0.5841354131698608,-0.3041220307350158,0.991895079612732,jump
30,LEFT_THUMB,0.5595096349716187,0.564225971698761,-0.2132469415664672,0.9903497695922852,jump
30,RIGHT_THUMB,0.4329460263252258,0.5713400840759277,-0.2529497742652893,0.9890573620796204,jump
30,LEFT_HIP,0.520912230014801,0.5588070154190063,0.0024160235188901,0.9999894499778748,jump
30,RIGHT_HIP,0.4723818898200989,0.5558268427848816,-0.0026449204888194,0.9999884963035583,jump
30,LEFT_KNEE,0.5202435851097107,0.7195432782173157,0.0356901809573173,0.9852632880210876,jump
30,RIGHT_KNEE,0.4719834327697754,0.7211450934410095,0.0474122539162635,0.9825120568275452,jump
30,LEFT_ANKLE,0.5159997344017029,0.8524993062019348,0.2331306934356689,0.984670877456665,jump
30,RIGHT_ANKLE,0.4733890891075134,0.8573941588401794,0.2162815034389495,0.9882960319519044,jump
30,LEFT_HEEL,0.5064939856529236,0.866731584072113,0.2453686743974685,0.8536939024925232,jump
30,RIGHT_HEEL,0.4799596667289734,0.870812714099884,0.2273041009902954,0.8578943014144897,jump
30,LEFT_FOOT_INDEX,0.5308638215065002,0.9100157022476196,0.1286445409059524,0.9851256012916564,jump
30,RIGHT_FOOT_INDEX,0.4596410691738128,0.9105469584465028,0.1096879690885543,0.9846686720848083,jump
